id,merchant_id,member_id,event_type,payload,actor_id,created_at
000030c8-9832-43b9-913d-3cc0214cf3c3,bc3951f9-ff8c-436b-8322-e5dd6592ca4b,f055ee36-af9b-4800-87fa-0d71136c506f,member.enrolled,"{""member_id"":""f055ee36-af9b-4800-87fa-0d71136c506f"",""member_code"":""MC0005"",""name"":""Shreya sarnobat "",""phone"":""8928586145"",""email"":null}",a1167172-835c-40e9-9c96-bab8733914c5,2026-09-15 14:17:30.929684+00
0064509e-30fd-4000-bbd9-2d4578b5999c,bc3951f9-ff8c-436b-8322-e5dd6592ca4b,a7c1fae6-6866-4219-bf40-ecc06f71eed8,offer.redeemed,"{""redemption_id"":""f00cc4c6-a72c-465f-a8ea-e13cfac99ece"",""offer_template_id"":""5a18eb92-3d38-4dcf-a119-1d54a5378cb9"",""offer_title"":""Make a billoff 5000/- get One sunglasses free"",""offer_type"":""free_service"",""amount"":5000,""member_code"":""MC0001"",""total_visits"":2}",a1167172-835c-40e9-9c96-bab8733914c5,2026-09-09 11:04:39.523147+00
01dfdfed-cee0-46f0-b7f6-301ce3feb816,bc3951f9-ff8c-436b-8322-e5dd6592ca4b,355949f5-7084-4327-affa-41bb11601bbf,member.enrolled,"{""member_id"":""355949f5-7084-4327-affa-41bb11601bbf"",""member_code"":""MC0003"",""name"":""demo"",""phone"":""9999999999"",""email"":null}",a1167172-835c-40e9-9c96-bab8733914c5,2026-09-09 11:29:32.352865+00
0247bdcb-c4c0-4f22-8237-4e9efb435b46,merch_  7,220dc66e-7304-41d7-b709-552095df8f53,member.enrolled,"{""member_id"":""220dc66e-7304-41d7-b709-552095df8f53"",""member_code"":""MC0007"",""name"":""Sagar Pawar "",""phone"":""9326801082"",""email"":null}",admin_merch_  7,2026-08-11 07:55:21.704603+00
041080cf-66b7-4d61-a1c4-a1a1eaf92df6,merch_  9,mem-ab0c31deb9b57cbc978b310c5bcf7392,points.earned,"{""member_id"":""mem-ab0c31deb9b57cbc978b310c5bcf7392"",""points"":40,""new_balance"":1290}",,2026-08-05 16:54:56.857027+00
09cd55ec-fc2e-421f-8193-86ee8655043b,b64a2ee7-5fc4-434d-9b92-1fa730df2810,577814cd-30ad-4726-8a6a-b1929ed79b21,points.earned,"{""points"":10,""source"":""points_rule"",""rule_type"":""per_visit"",""redemption_id"":""6676c3a5-9b5c-4362-b5ad-a1d257f01dcc""}",16a25cb0-8425-469e-a7ef-796b19f944e4,2026-09-28 05:49:35.754101+00
0ef78479-cbbf-4d9c-aac3-07b45fbc3fe2,c74f8bef-6fd7-40f2-a363-1daa167d0439,ba0641c0-3be8-4f62-b54e-39c327186927,member.enrolled,"{""member_id"":""ba0641c0-3be8-4f62-b54e-39c327186927"",""member_code"":""MC0016"",""name"":""TEJBAHADUR UPADHYAY"",""phone"":""7043088910"",""email"":null}",a8261c94-07d2-4e78-8828-8ffd3cf2b485,2026-09-28 17:18:40.32005+00
15efe593-7668-4376-90dc-7759dac04e2e,b64a2ee7-5fc4-434d-9b92-1fa730df2810,918c0b0d-5b39-4c44-ae23-49f4c7c8037b,points.earned,"{""points"":10,""source"":""points_rule"",""rule_type"":""per_visit"",""redemption_id"":""10137bb3-f36d-4e04-be24-9d29251d809f""}",16a25cb0-8425-469e-a7ef-796b19f944e4,2026-09-13 06:17:46.150684+00
179364c6-5b44-4b54-ad9f-ffbfb703d8b7,c74f8bef-6fd7-40f2-a363-1daa167d0439,e20eb632-3a3f-451f-b939-efe6e41b7ab3,member.enrolled,"{""member_id"":""e20eb632-3a3f-451f-b939-efe6e41b7ab3"",""member_code"":""MC0010"",""name"":""Sunil Kumar Gound"",""phone"":""7385454378"",""email"":null}",a8261c94-07d2-4e78-8828-8ffd3cf2b485,2026-09-22 11:01:19.330081+00
1924c7a8-d43a-41e6-9099-240377898db5,75eff299-f162-4427-8b08-04f404141ef9,f0b72070-4f39-4fa1-9231-a379d39c66fa,member.enrolled,"{""member_id"":""f0b72070-4f39-4fa1-9231-a379d39c66fa"",""member_code"":""MC0006"",""name"":""Saloni Joshi"",""phone"":""8108323436"",""email"":null}",d9ee3bf3-8676-4c2b-8f9f-7f72835ff9b0,2026-09-26 12:01:56.920083+00
1c07b7c0-54b6-4b18-85a1-35e5e7f986af,b64a2ee7-5fc4-434d-9b92-1fa730df2810,4a874991-4043-4331-a167-f719edb90d12,member.enrolled,"{""member_id"":""4a874991-4043-4331-a167-f719edb90d12"",""member_code"":""MC0008"",""name"":""Jayshree Kothari"",""phone"":""9967331859"",""email"":null}",16a25cb0-8425-469e-a7ef-796b19f944e4,2026-09-26 11:28:17.42958+00
1c95ea09-baa0-4862-90a6-3d5f1826197d,c74f8bef-6fd7-40f2-a363-1daa167d0439,85786244-4e4c-44d5-ad86-f1f69066e0fd,member.enrolled,"{""member_id"":""85786244-4e4c-44d5-ad86-f1f69066e0fd"",""member_code"":""MC0005"",""name"":""ROHIDAS SUKLAL KOLI"",""phone"":""9925775524"",""email"":null}",a8261c94-07d2-4e78-8828-8ffd3cf2b485,2026-09-13 08:55:06.296195+00
215dd67c-c7ab-41d9-a563-3c79d5b2bea0,63c2aeec-7410-4c78-9a68-beb45b1c622c,5b59fa54-2745-4d23-924e-c23b7cf51780,member.enrolled,"{""member_id"":""5b59fa54-2745-4d23-924e-c23b7cf51780"",""member_code"":""MC0007"",""name"":""Sonali kadam"",""phone"":""8291373108"",""email"":null}",59d80d29-7bc8-4a21-bb65-b8de3275aaa7,2026-09-23 14:11:26.503508+00
259b05fe-3ca6-480f-8418-2ee8c687e2b7,c74f8bef-6fd7-40f2-a363-1daa167d0439,5d28fb0b-8ceb-4258-8db7-4a100ec34485,member.enrolled,"{""member_id"":""5d28fb0b-8ceb-4258-8db7-4a100ec34485"",""member_code"":""MC0007"",""name"":""navin pishal"",""phone"":""8320056956"",""email"":null}",a8261c94-07d2-4e78-8828-8ffd3cf2b485,2026-09-15 16:58:38.864684+00
2638fe2e-43b3-4bdf-b884-55bcb502ea04,b64a2ee7-5fc4-434d-9b92-1fa730df2810,918c0b0d-5b39-4c44-ae23-49f4c7c8037b,points.earned,"{""points"":10,""source"":""points_rule"",""rule_type"":""per_visit"",""redemption_id"":""7a96c68f-80c6-4b05-8109-5111c9e94302""}",16a25cb0-8425-469e-a7ef-796b19f944e4,2026-09-13 06:13:10.931022+00
2b8c8578-7746-4a24-9d66-58b22ecccc24,bc3951f9-ff8c-436b-8322-e5dd6592ca4b,dbf585f9-4d67-4e05-b632-0b0ff60e0992,member.enrolled,"{""member_id"":""dbf585f9-4d67-4e05-b632-0b0ff60e0992"",""member_code"":""MC0006"",""name"":""Pranali pedanekar "",""phone"":""9867883344"",""email"":null}",a1167172-835c-40e9-9c96-bab8733914c5,2026-09-17 14:30:01.347442+00
2cdce685-f018-4378-8564-094dca52dbd8,bc3951f9-ff8c-436b-8322-e5dd6592ca4b,734abd4e-cdbc-4eea-ac93-50d0e37b3c97,member.enrolled,"{""member_id"":""734abd4e-cdbc-4eea-ac93-50d0e37b3c97"",""member_code"":""MC0008"",""name"":""Milind Lokhande "",""phone"":""8108120942"",""email"":null}",a1167172-835c-40e9-9c96-bab8733914c5,2026-09-28 13:27:26.782513+00
37ec4512-901a-46ea-8ca2-758afdc31bd7,bc3951f9-ff8c-436b-8322-e5dd6592ca4b,2ec018f6-2253-4599-bfea-46837c739e58,member.enrolled,"{""member_id"":""2ec018f6-2253-4599-bfea-46837c739e58"",""member_code"":""MC0007"",""name"":""Jyoti Pravin redkar "",""phone"":""9920535105"",""email"":null}",a1167172-835c-40e9-9c96-bab8733914c5,2026-09-18 05:42:05.794543+00
38f34117-c6ba-437e-a839-bddb5115b235,c74f8bef-6fd7-40f2-a363-1daa167d0439,ddf90c13-3d8a-4af2-8e34-fe8a2d95cc6b,member.enrolled,"{""member_id"":""ddf90c13-3d8a-4af2-8e34-fe8a2d95cc6b"",""member_code"":""MC0002"",""name"":""Shimpi Megha Yogesh"",""phone"":""8160085044"",""email"":null}",a8261c94-07d2-4e78-8828-8ffd3cf2b485,2026-09-09 11:22:43.709358+00
3e36afd3-63fe-4e70-becb-dbe6642bf1b9,63c2aeec-7410-4c78-9a68-beb45b1c622c,461eaeb4-9b09-4e15-af82-c7a66b7ce57d,member.enrolled,"{""member_id"":""461eaeb4-9b09-4e15-af82-c7a66b7ce57d"",""member_code"":""MC0004"",""name"":""Solaskar kaki"",""phone"":""9594965133"",""email"":null}",59d80d29-7bc8-4a21-bb65-b8de3275aaa7,2026-09-23 14:03:00.027652+00
4281dc47-080d-4c44-8f66-d133a4726c8a,75eff299-f162-4427-8b08-04f404141ef9,5b85512e-ffc9-4b9a-9690-7f0752f41560,member.enrolled,"{""member_id"":""5b85512e-ffc9-4b9a-9690-7f0752f41560"",""member_code"":""MC0007"",""name"":""Daksha Patel"",""phone"":""9930807477"",""email"":null}",d9ee3bf3-8676-4c2b-8f9f-7f72835ff9b0,2026-09-26 12:05:10.449673+00
49ee52f9-fa92-4a4c-9eaa-6b440d73c314,b64a2ee7-5fc4-434d-9b92-1fa730df2810,577814cd-30ad-4726-8a6a-b1929ed79b21,offer.redeemed,"{""redemption_id"":""bdb8412f-aca0-4aee-9321-8914c620e55b"",""offer_template_id"":""16524f33-2048-40bb-a168-d1c92d0d7bed"",""offer_title"":""FREE : 12 Threading"",""offer_type"":""free_service"",""amount"":0,""member_code"":""MC0009"",""total_visits"":1}",16a25cb0-8425-469e-a7ef-796b19f944e4,2026-09-28 05:49:19.977968+00
4c1ae2ef-7b65-4be4-9f49-d718e6166329,63c2aeec-7410-4c78-9a68-beb45b1c622c,c9d8778b-8772-4888-96b5-e5b5f45fe7da,member.enrolled,"{""member_id"":""c9d8778b-8772-4888-96b5-e5b5f45fe7da"",""member_code"":""MC0006"",""name"":""Disha kotkar"",""phone"":""8898818860"",""email"":null}",59d80d29-7bc8-4a21-bb65-b8de3275aaa7,2026-09-23 14:10:06.550353+00
4cc63907-a79a-409f-a7ec-4b00bac2011c,4bf2fb6b-bdf3-49d3-ac1b-1e6e746c6643,73713194-e86f-45ae-9e9c-44d9b199ea64,member.enrolled,"{""member_id"":""73713194-e86f-45ae-9e9c-44d9b199ea64"",""member_code"":""MC0001"",""name"":""sharvil more"",""phone"":""9987379000"",""email"":null}",f8b0ae73-5c2a-4120-bb56-576ff628420c,2026-07-22 06:29:20.576592+00
4db66d47-5417-435c-a4d1-9cbec47c5980,b64a2ee7-5fc4-434d-9b92-1fa730df2810,73e3a972-bf6b-49be-abff-a19f577a3e61,points.earned,"{""points"":10,""source"":""points_rule"",""rule_type"":""per_visit"",""redemption_id"":""1dfc5bfd-154d-4224-b538-f07c0237ea08""}",16a25cb0-8425-469e-a7ef-796b19f944e4,2026-09-13 12:49:34.82586+00
538f07b5-4488-4393-90f0-619283c884ac,75eff299-f162-4427-8b08-04f404141ef9,c709d17f-6996-4b39-ad84-0e7daf04e46f,member.enrolled,"{""member_id"":""c709d17f-6996-4b39-ad84-0e7daf04e46f"",""member_code"":""MC0001"",""name"":""Anush Siddiqui"",""phone"":""7770072722"",""email"":null}",d9ee3bf3-8676-4c2b-8f9f-7f72835ff9b0,2026-09-19 14:00:14.502058+00
53925395-b08f-44b4-a78d-ddc9bcbaa8c9,9f5a3fe4-f21f-4fed-beaf-67dcb9c6cffc,32663170-f40c-4238-b81a-197c12b4d11b,member.enrolled,"{""member_id"":""32663170-f40c-4238-b81a-197c12b4d11b"",""member_code"":""MC0004"",""name"":""Olver"",""phone"":""9029999614"",""email"":null}",b2dc8e8f-662e-4d12-b548-0da13cb17c1e,2026-08-11 07:50:02.05976+00
53ae6322-c19b-4ce4-ab6b-32b70c961b92,merch_  7,220dc66e-7304-41d7-b709-552095df8f53,points.earned,"{""points"":10,""source"":""offer"",""offer_id"":""offer_merch_7_2"",""redemption_id"":""b8199bbc-02d8-42d4-a8fe-fc0c2051dda1""}",admin_merch_  7,2026-08-11 07:56:19.848007+00
54b2c3e8-680c-4527-8710-a06b7fd8c68e,merch_ 10,mem-35edcb7d4107bdd2dcc77e64e9e1d85b,offer.redeemed,"{""redemption_id"":""ecb2bfea-9462-4385-945b-2092e3fb5e03"",""offer_template_id"":""offer_merch_10_2"",""offer_title"":""30% Off Making Charges"",""offer_type"":""percent_off"",""amount"":0,""member_code"":""MEM-30"",""total_visits"":1}",admin_merch_ 10,2026-09-29 11:46:02.319341+00
565d72ef-e299-48bb-9a02-a67304f68a21,merch_  9,mem-ab0c31deb9b57cbc978b310c5bcf7392,points.earned,"{""points"":20,""source"":""points_rule"",""rule_type"":""per_visit"",""redemption_id"":""18f8a113-746f-4372-9caf-47b72e938533""}",admin_merch_  9,2026-08-05 16:48:14.940906+00
57eb34c9-bcb2-4a7d-a313-019a09be2b12,b64a2ee7-5fc4-434d-9b92-1fa730df2810,918c0b0d-5b39-4c44-ae23-49f4c7c8037b,member.enrolled,"{""member_id"":""918c0b0d-5b39-4c44-ae23-49f4c7c8037b"",""member_code"":""MC0003"",""name"":""Ayushi Thakker"",""phone"":""9322299786"",""email"":null}",16a25cb0-8425-469e-a7ef-796b19f944e4,2026-09-13 06:11:46.512457+00
58007be3-db43-460b-89c2-54e8e1e8a38a,merch_  7,220dc66e-7304-41d7-b709-552095df8f53,offer.redeemed,"{""redemption_id"":""383027b4-4284-43e7-870f-160fd0b01ae1"",""offer_template_id"":""offer_merch_7_2"",""offer_title"":""HydraFacial Upgrade"",""offer_type"":""percent_off"",""amount"":0,""member_code"":""MC0007"",""total_visits"":2}",admin_merch_  7,2026-08-17 09:12:31.246615+00
5bd0bae9-b8bc-400e-ba50-777fe1106ff2,merch_  6,64a57df1-f643-48ae-a76b-a2bcc0804756,member.enrolled,"{""member_id"":""64a57df1-f643-48ae-a76b-a2bcc0804756"",""member_code"":""MC0011"",""name"":""Sagar Pawar "",""phone"":""9326801082"",""email"":null}",admin_merch_  6,2026-09-09 07:20:34.124442+00
5db74aa8-8622-4a50-97dd-bca47509089f,63c2aeec-7410-4c78-9a68-beb45b1c622c,437a83ac-4ad1-49a9-9b5a-a921eeb0c1f4,member.enrolled,"{""member_id"":""437a83ac-4ad1-49a9-9b5a-a921eeb0c1f4"",""member_code"":""MC0005"",""name"":""Reshmi kadam"",""phone"":""8691889469"",""email"":null}",59d80d29-7bc8-4a21-bb65-b8de3275aaa7,2026-09-23 14:06:36.183194+00
60113508-9427-4790-9a27-4ffa374c7315,b64a2ee7-5fc4-434d-9b92-1fa730df2810,5badbcd9-57a8-4bcd-80f9-6b93f55e604b,member.enrolled,"{""member_id"":""5badbcd9-57a8-4bcd-80f9-6b93f55e604b"",""member_code"":""MC0005"",""name"":""Yana Joshi"",""phone"":""9082386514"",""email"":null}",16a25cb0-8425-469e-a7ef-796b19f944e4,2026-09-14 12:40:56.256179+00
61a9d6d6-3775-4ae3-87b5-679ed4b69ea4,b64a2ee7-5fc4-434d-9b92-1fa730df2810,e613d0f0-31a6-4cb2-91cf-56a6b0e58dac,points.earned,"{""points"":10,""source"":""points_rule"",""rule_type"":""per_visit"",""redemption_id"":""5f59cea8-09a2-4c52-be74-7cbbab46ee24""}",16a25cb0-8425-469e-a7ef-796b19f944e4,2026-09-24 13:09:51.382938+00
624b1db7-6ebd-4710-917a-a983e092a266,bc3951f9-ff8c-436b-8322-e5dd6592ca4b,a7c1fae6-6866-4219-bf40-ecc06f71eed8,member.enrolled,"{""member_id"":""a7c1fae6-6866-4219-bf40-ecc06f71eed8"",""member_code"":""MC0001"",""name"":""Sagar Pawar "",""phone"":""9326801082"",""email"":null}",a1167172-835c-40e9-9c96-bab8733914c5,2026-09-05 06:27:22.381737+00
640aaf86-43d3-41fa-aad9-38519d0aa94b,merch_  6,7b6c1f61-6a6d-4b9b-bc3a-2a016c672235,member.enrolled,"{""member_id"":""7b6c1f61-6a6d-4b9b-bc3a-2a016c672235"",""member_code"":""MC0009"",""name"":""Sharvil More"",""phone"":""2338169285"",""email"":null}",73ec7de3-5486-4b72-956a-4c9a6cac9ec2,2026-08-01 16:36:14.469677+00
6440387a-c29d-4da1-888b-3eabbf21e8c0,63c2aeec-7410-4c78-9a68-beb45b1c622c,5c83b3a3-a5f4-4dc3-9370-8ba2a694f4b9,member.enrolled,"{""member_id"":""5c83b3a3-a5f4-4dc3-9370-8ba2a694f4b9"",""member_code"":""MC0001"",""name"":""Navin Chavan"",""phone"":""7710921139"",""email"":null}",59d80d29-7bc8-4a21-bb65-b8de3275aaa7,2026-09-23 13:47:21.221273+00
64ff7449-b7b7-4bbc-83a4-3826a32fedef,75eff299-f162-4427-8b08-04f404141ef9,0c64d686-792e-4d25-bfe7-8f14632a9e0f,member.enrolled,"{""member_id"":""0c64d686-792e-4d25-bfe7-8f14632a9e0f"",""member_code"":""MC0002"",""name"":""Kevin Mehta"",""phone"":""9820002505"",""email"":null}",d9ee3bf3-8676-4c2b-8f9f-7f72835ff9b0,2026-09-23 15:56:34.084236+00
66e2011a-8550-4337-bafa-ed0e313c085e,bc3951f9-ff8c-436b-8322-e5dd6592ca4b,a7c1fae6-6866-4219-bf40-ecc06f71eed8,offer.redeemed,"{""redemption_id"":""ee990feb-d971-4d79-8075-88f1fbe4d604"",""offer_template_id"":""c3bdef43-cf6a-4e3f-aa61-a2f9aaca7acc"",""offer_title"":""Buy one progressive lense & get second 50% off"",""offer_type"":""percent_off"",""amount"":0,""member_code"":""MC0001"",""total_visits"":1}",a1167172-835c-40e9-9c96-bab8733914c5,2026-09-05 11:57:31.624166+00
68a075de-14f4-4ac5-9f03-8893ecdcbc97,63c2aeec-7410-4c78-9a68-beb45b1c622c,c3fdeec3-b9a8-4758-b3f8-279d902e1e43,member.enrolled,"{""member_id"":""c3fdeec3-b9a8-4758-b3f8-279d902e1e43"",""member_code"":""MC0003"",""name"":""Jyoti poojare"",""phone"":""9833149570"",""email"":null}",59d80d29-7bc8-4a21-bb65-b8de3275aaa7,2026-09-23 14:01:05.700241+00
6a062d43-bf10-4109-acd4-86a7cceffb69,bc3951f9-ff8c-436b-8322-e5dd6592ca4b,ea24353b-ca00-4a9a-8eed-d453778e7438,member.enrolled,"{""member_id"":""ea24353b-ca00-4a9a-8eed-d453778e7438"",""member_code"":""MC0004"",""name"":""Ashwini gawade "",""phone"":""9821624674"",""email"":null}",a1167172-835c-40e9-9c96-bab8733914c5,2026-09-09 14:03:47.507083+00
6a5e353b-97de-4634-99db-c00ba9dbcfd3,b64a2ee7-5fc4-434d-9b92-1fa730df2810,0010c976-8d21-4769-a2e4-12c4960adc01,offer.redeemed,"{""redemption_id"":""414d67d5-cd38-48c6-91b2-d75856116f9b"",""offer_template_id"":""9f0cc0e3-1218-429a-874d-8993a7c3851b"",""offer_title"":""FREE : 3 Hair Wash "",""offer_type"":""free_service"",""amount"":0,""member_code"":""MC0006"",""total_visits"":1}",16a25cb0-8425-469e-a7ef-796b19f944e4,2026-09-30 05:40:58.707694+00
6c0f664d-c8b0-444f-bdc2-1d40dba367c4,b64a2ee7-5fc4-434d-9b92-1fa730df2810,6be014a0-2ff9-4034-bdfd-f7540c37eec7,member.enrolled,"{""member_id"":""6be014a0-2ff9-4034-bdfd-f7540c37eec7"",""member_code"":""MC0007"",""name"":""Ketki Shah"",""phone"":""9867888436"",""email"":null}",16a25cb0-8425-469e-a7ef-796b19f944e4,2026-09-24 12:44:10.576784+00
73b936da-52c3-4f98-a32e-60e6e10706ab,c74f8bef-6fd7-40f2-a363-1daa167d0439,4fcff670-0e28-485e-b9ab-a58649290d40,member.enrolled,"{""member_id"":""4fcff670-0e28-485e-b9ab-a58649290d40"",""member_code"":""MC0014"",""name"":""Dipali pravin mahajan"",""phone"":""6355267925"",""email"":null}",a8261c94-07d2-4e78-8828-8ffd3cf2b485,2026-09-28 16:14:28.113946+00
7497cc8e-7677-45dd-8c86-2814640d0b2f,63c2aeec-7410-4c78-9a68-beb45b1c622c,eae71ce8-e368-4ee4-bf64-cc069c18eb16,member.enrolled,"{""member_id"":""eae71ce8-e368-4ee4-bf64-cc069c18eb16"",""member_code"":""MC0010"",""name"":""Ansh wagle"",""phone"":""8169787262"",""email"":null}",59d80d29-7bc8-4a21-bb65-b8de3275aaa7,2026-09-23 14:59:29.795963+00
74a50e1f-8344-4c56-8d02-7255eb7db92f,c74f8bef-6fd7-40f2-a363-1daa167d0439,5c1ff2eb-f55e-41bf-bf10-a5001daab129,member.enrolled,"{""member_id"":""5c1ff2eb-f55e-41bf-bf10-a5001daab129"",""member_code"":""MC0006"",""name"":""JITU NAYAK"",""phone"":""9016912023"",""email"":null}",a8261c94-07d2-4e78-8828-8ffd3cf2b485,2026-09-15 14:09:51.716422+00
77e4033d-94a5-446a-a26d-ae74176ff380,b64a2ee7-5fc4-434d-9b92-1fa730df2810,e613d0f0-31a6-4cb2-91cf-56a6b0e58dac,points.earned,"{""points"":10,""source"":""points_rule"",""rule_type"":""per_visit"",""redemption_id"":""a57c7921-4ef9-41da-b1a3-8770cc8fe029""}",16a25cb0-8425-469e-a7ef-796b19f944e4,2026-09-18 05:52:35.292247+00
79baafe1-7793-45d7-be7a-264661774305,b64a2ee7-5fc4-434d-9b92-1fa730df2810,577814cd-30ad-4726-8a6a-b1929ed79b21,offer.redeemed,"{""redemption_id"":""6676c3a5-9b5c-4362-b5ad-a1d257f01dcc"",""offer_template_id"":""3ec65c04-dc71-4345-b27a-74511b1016e1"",""offer_title"":""25% Off on Oil Massage "",""offer_type"":""percent_off"",""amount"":0,""member_code"":""MC0009"",""total_visits"":2}",16a25cb0-8425-469e-a7ef-796b19f944e4,2026-09-28 05:49:35.754101+00
7cf173b1-21fb-4d5e-8262-a40e7d9041fd,b64a2ee7-5fc4-434d-9b92-1fa730df2810,73e3a972-bf6b-49be-abff-a19f577a3e61,member.enrolled,"{""member_id"":""73e3a972-bf6b-49be-abff-a19f577a3e61"",""member_code"":""MC0004"",""name"":""Mayuri Bhanushali"",""phone"":""9820321743"",""email"":null}",16a25cb0-8425-469e-a7ef-796b19f944e4,2026-09-13 12:48:09.949109+00
8049a4e3-bfd3-4625-b269-db89426a4119,merch_ 10,mem-35edcb7d4107bdd2dcc77e64e9e1d85b,points.earned,"{""points"":500,""source"":""points_rule"",""rule_type"":""per_visit"",""redemption_id"":""ecb2bfea-9462-4385-945b-2092e3fb5e03""}",admin_merch_ 10,2026-09-29 11:46:02.319341+00
81132e77-5414-4fc6-bded-f5531ed9006e,merch_  7,220dc66e-7304-41d7-b709-552095df8f53,points.earned,"{""points"":10,""source"":""offer"",""offer_id"":""offer_merch_7_2"",""redemption_id"":""383027b4-4284-43e7-870f-160fd0b01ae1""}",admin_merch_  7,2026-08-17 09:12:31.246615+00
8622e61e-9aae-4909-bc81-1b88720f6962,b64a2ee7-5fc4-434d-9b92-1fa730df2810,0010c976-8d21-4769-a2e4-12c4960adc01,points.earned,"{""points"":10,""source"":""points_rule"",""rule_type"":""per_visit"",""redemption_id"":""414d67d5-cd38-48c6-91b2-d75856116f9b""}",16a25cb0-8425-469e-a7ef-796b19f944e4,2026-09-30 05:40:58.707694+00
888fabdd-4140-425b-abbb-0dc3c0861237,merch_  7,220dc66e-7304-41d7-b709-552095df8f53,points.earned,"{""points"":25,""source"":""points_rule"",""rule_type"":""per_visit"",""redemption_id"":""b8199bbc-02d8-42d4-a8fe-fc0c2051dda1""}",admin_merch_  7,2026-08-11 07:56:19.848007+00
88ebe197-cf8d-47aa-8223-ee32b442750c,75eff299-f162-4427-8b08-04f404141ef9,a9d82860-546d-466a-bb59-fbeece94ed7a,member.enrolled,"{""member_id"":""a9d82860-546d-466a-bb59-fbeece94ed7a"",""member_code"":""MC0010"",""name"":""Siya Patel"",""phone"":""7304546103"",""email"":null}",d9ee3bf3-8676-4c2b-8f9f-7f72835ff9b0,2026-09-26 12:15:13.796806+00
8a5fc714-96c5-4dcc-8c3f-f98c061b8954,merch_  6,e2738d24-6324-4754-92e6-1d7e44c0d19f,member.enrolled,"{""member_id"":""e2738d24-6324-4754-92e6-1d7e44c0d19f"",""member_code"":""MC0010"",""name"":""om"",""phone"":""9456789008"",""email"":null}",admin_merch_  6,2026-08-30 06:35:05.673335+00
8cf834f6-42dc-4c41-ace6-fdd55a96a1d6,75eff299-f162-4427-8b08-04f404141ef9,30d516ea-5f2c-4aee-b6f7-3365b963c288,member.enrolled,"{""member_id"":""30d516ea-5f2c-4aee-b6f7-3365b963c288"",""member_code"":""MC0003"",""name"":""Krish Trivedi"",""phone"":""7972011844"",""email"":null}",d9ee3bf3-8676-4c2b-8f9f-7f72835ff9b0,2026-09-25 09:35:47.092702+00
90abda87-f0f5-4fcc-be6a-8e14cb5a3321,c74f8bef-6fd7-40f2-a363-1daa167d0439,41aa6807-22bf-4f5e-bb4e-fbb917670d34,member.enrolled,"{""member_id"":""41aa6807-22bf-4f5e-bb4e-fbb917670d34"",""member_code"":""MC0004"",""name"":""Gyan Prakash Das"",""phone"":""9016853066"",""email"":null}",a8261c94-07d2-4e78-8828-8ffd3cf2b485,2026-09-13 07:10:50.097418+00
976a33fe-d967-4bf0-9568-8f682d137018,c74f8bef-6fd7-40f2-a363-1daa167d0439,dbabc7d0-d15e-41ba-96a5-416f5a93609f,member.enrolled,"{""member_id"":""dbabc7d0-d15e-41ba-96a5-416f5a93609f"",""member_code"":""MC0003"",""name"":""GAMIT RAHUL GAMANBHAI"",""phone"":""9016795978"",""email"":null}",a8261c94-07d2-4e78-8828-8ffd3cf2b485,2026-09-09 11:54:29.107541+00
98af12ff-115c-4c4d-9468-75ad4720b8c0,63c2aeec-7410-4c78-9a68-beb45b1c622c,d1bec73b-a9ae-4cf5-bf90-657f84b8f712,member.enrolled,"{""member_id"":""d1bec73b-a9ae-4cf5-bf90-657f84b8f712"",""member_code"":""MC0002"",""name"":""Swapnil Thale"",""phone"":""9594964277"",""email"":null}",59d80d29-7bc8-4a21-bb65-b8de3275aaa7,2026-09-23 13:59:20.492785+00
9a1a4610-4ed6-448d-8d34-f18cc8a3caed,75eff299-f162-4427-8b08-04f404141ef9,b085a570-6937-4153-92ef-df914428c990,member.enrolled,"{""member_id"":""b085a570-6937-4153-92ef-df914428c990"",""member_code"":""MC0004"",""name"":""Sulsha shah"",""phone"":""9324474886"",""email"":null}",d9ee3bf3-8676-4c2b-8f9f-7f72835ff9b0,2026-09-25 09:42:22.700237+00
a07542cb-962b-4288-8f17-6175bfd1ae90,63c2aeec-7410-4c78-9a68-beb45b1c622c,bf213f54-e048-4bd6-974f-47456ac9b90c,member.enrolled,"{""member_id"":""bf213f54-e048-4bd6-974f-47456ac9b90c"",""member_code"":""MC0009"",""name"":""Mafiya shetty"",""phone"":""7506886012"",""email"":null}",59d80d29-7bc8-4a21-bb65-b8de3275aaa7,2026-09-23 14:14:38.752536+00
a0b71c6f-ef96-4cbf-9c50-0f72cc69a933,4bf2fb6b-bdf3-49d3-ac1b-1e6e746c6643,2f3f1a71-9597-4a2f-850d-adfa2ce9a08e,member.enrolled,"{""member_id"":""2f3f1a71-9597-4a2f-850d-adfa2ce9a08e"",""member_code"":""MC0002"",""name"":""metrocardz"",""phone"":""9987379007"",""email"":null}",f8b0ae73-5c2a-4120-bb56-576ff628420c,2026-07-22 08:00:48.010973+00
a0d512b8-f108-4887-bb22-065474f9d333,b64a2ee7-5fc4-434d-9b92-1fa730df2810,7c076254-aae9-4646-a6bf-e75f0cf6ba76,member.enrolled,"{""member_id"":""7c076254-aae9-4646-a6bf-e75f0cf6ba76"",""member_code"":""MC0002"",""name"":""demo"",""phone"":""1234567889"",""email"":null}",16a25cb0-8425-469e-a7ef-796b19f944e4,2026-09-09 11:35:20.274554+00
a70c86c0-83f4-4796-8f36-7839a903a4e2,75eff299-f162-4427-8b08-04f404141ef9,1c40355f-1b0e-4f7d-b533-02a0c0bbf62d,member.enrolled,"{""member_id"":""1c40355f-1b0e-4f7d-b533-02a0c0bbf62d"",""member_code"":""MC0008"",""name"":""Yash Jain"",""phone"":""7045983015"",""email"":null}",d9ee3bf3-8676-4c2b-8f9f-7f72835ff9b0,2026-09-26 12:08:46.75706+00
a987d972-d77a-421c-9767-777ff5a44fcf,bc3951f9-ff8c-436b-8322-e5dd6592ca4b,a7c1fae6-6866-4219-bf40-ecc06f71eed8,points.earned,"{""points"":500,""source"":""points_rule"",""rule_type"":""per_rupee"",""redemption_id"":""f00cc4c6-a72c-465f-a8ea-e13cfac99ece""}",a1167172-835c-40e9-9c96-bab8733914c5,2026-09-09 11:04:39.523147+00
ad042390-d62a-4fbe-91ea-a0c913204ab1,merch_  6,af7b92b1-b55f-4cc3-a9df-e14830e81601,member.enrolled,"{""member_id"":""af7b92b1-b55f-4cc3-a9df-e14830e81601"",""member_code"":""MC0008"",""name"":""Sharvil More"",""phone"":""5548169285"",""email"":null}",admin_merch_  6,2026-08-01 14:51:20.189909+00
b10ce1c3-3155-4ad1-876c-d32a77778d67,b64a2ee7-5fc4-434d-9b92-1fa730df2810,577814cd-30ad-4726-8a6a-b1929ed79b21,member.enrolled,"{""member_id"":""577814cd-30ad-4726-8a6a-b1929ed79b21"",""member_code"":""MC0009"",""name"":""Deepal Khandelval"",""phone"":""9821467991"",""email"":null}",16a25cb0-8425-469e-a7ef-796b19f944e4,2026-09-28 05:48:31.925424+00
b448523d-dc1e-4178-9177-daf30c780d3f,75eff299-f162-4427-8b08-04f404141ef9,ba0ba1d2-55e3-40e6-b88e-ad5db9a2c39d,member.enrolled,"{""member_id"":""ba0ba1d2-55e3-40e6-b88e-ad5db9a2c39d"",""member_code"":""MC0005"",""name"":""Meeloni shah"",""phone"":""9022357963"",""email"":null}",d9ee3bf3-8676-4c2b-8f9f-7f72835ff9b0,2026-09-25 09:44:11.610286+00
b643b5ef-8527-4f2d-b196-cf7d6cd47e6e,63c2aeec-7410-4c78-9a68-beb45b1c622c,d30c8638-9e45-49c3-82f4-9be5197c1547,member.enrolled,"{""member_id"":""d30c8638-9e45-49c3-82f4-9be5197c1547"",""member_code"":""MC0008"",""name"":""Meena Gawade"",""phone"":""9870787988"",""email"":null}",59d80d29-7bc8-4a21-bb65-b8de3275aaa7,2026-09-23 14:13:02.447353+00
c4f0362d-b41f-4a79-ba80-cb6dab70e9fc,b64a2ee7-5fc4-434d-9b92-1fa730df2810,e613d0f0-31a6-4cb2-91cf-56a6b0e58dac,offer.redeemed,"{""redemption_id"":""5f59cea8-09a2-4c52-be74-7cbbab46ee24"",""offer_template_id"":""96e2055a-11b9-41d8-801b-7af310605692"",""offer_title"":"" FREE : 12 Hair Wash"",""offer_type"":""free_service"",""amount"":0,""member_code"":""MC0001"",""total_visits"":2}",16a25cb0-8425-469e-a7ef-796b19f944e4,2026-09-24 13:09:51.382938+00
c8f0325e-e16b-490b-91c2-e7fd7d4fb205,c74f8bef-6fd7-40f2-a363-1daa167d0439,f24afb43-f24e-4b5a-81f7-55f9603fcc43,member.enrolled,"{""member_id"":""f24afb43-f24e-4b5a-81f7-55f9603fcc43"",""member_code"":""MC0013"",""name"":""Dipak verma"",""phone"":""8128052238"",""email"":null}",a8261c94-07d2-4e78-8828-8ffd3cf2b485,2026-09-26 07:20:08.094063+00
c9207c13-d9f8-4424-bcf2-724493081879,merch_  6,44c69212-90b6-4de8-98ed-d74a12ab3013,member.enrolled,"{""member_id"":""44c69212-90b6-4de8-98ed-d74a12ab3013"",""member_code"":""MC0004"",""name"":""sharvil more"",""phone"":""9987379000"",""email"":null}",admin_merch_  6,2026-07-22 16:27:40.24437+00
c9ef2263-a186-47f5-97f4-339cdfe6e758,c74f8bef-6fd7-40f2-a363-1daa167d0439,c5f407a6-7d91-48c3-905d-e28d4bbe75eb,member.enrolled,"{""member_id"":""c5f407a6-7d91-48c3-905d-e28d4bbe75eb"",""member_code"":""MC0008"",""name"":""NEHA VISHWAKARAMA"",""phone"":""9316573964"",""email"":null}",a8261c94-07d2-4e78-8828-8ffd3cf2b485,2026-09-15 17:09:29.171299+00
caef9385-4326-4eae-8a56-53c1ecd2a7de,b64a2ee7-5fc4-434d-9b92-1fa730df2810,918c0b0d-5b39-4c44-ae23-49f4c7c8037b,offer.redeemed,"{""redemption_id"":""7a96c68f-80c6-4b05-8109-5111c9e94302"",""offer_template_id"":""16524f33-2048-40bb-a168-d1c92d0d7bed"",""offer_title"":""FREE : 12 Threading"",""offer_type"":""free_service"",""amount"":1,""member_code"":""MC0003"",""total_visits"":1}",16a25cb0-8425-469e-a7ef-796b19f944e4,2026-09-13 06:13:10.931022+00
cb58e7bb-21fc-4f88-82bd-3244450752ba,c74f8bef-6fd7-40f2-a363-1daa167d0439,8bd7783c-eda8-478c-85ac-207da13e7841,member.enrolled,"{""member_id"":""8bd7783c-eda8-478c-85ac-207da13e7841"",""member_code"":""MC0012"",""name"":""Moheeni Girase "",""phone"":""9023801974"",""email"":null}",a8261c94-07d2-4e78-8828-8ffd3cf2b485,2026-09-23 13:32:03.77979+00
cd67997b-8eac-49de-91fa-49ecd41e6429,b64a2ee7-5fc4-434d-9b92-1fa730df2810,e613d0f0-31a6-4cb2-91cf-56a6b0e58dac,offer.redeemed,"{""redemption_id"":""a57c7921-4ef9-41da-b1a3-8770cc8fe029"",""offer_template_id"":""a01b9f92-a3fa-4d77-a741-b2b4a8d93cf4"",""offer_title"":""FREE : 12 Threading "",""offer_type"":""free_service"",""amount"":0,""member_code"":""MC0001"",""total_visits"":1}",16a25cb0-8425-469e-a7ef-796b19f944e4,2026-09-18 05:52:35.292247+00
cfce3ab3-5da4-4aee-ab4e-426296411f02,75eff299-f162-4427-8b08-04f404141ef9,852f7899-d75f-4635-a45c-b7fed92792e1,member.enrolled,"{""member_id"":""852f7899-d75f-4635-a45c-b7fed92792e1"",""member_code"":""MC0009"",""name"":""Khyati Shah"",""phone"":""8080791991"",""email"":null}",d9ee3bf3-8676-4c2b-8f9f-7f72835ff9b0,2026-09-26 12:13:14.738249+00
d10052a9-0ddc-4e0d-871a-80437fda8685,merch_  7,220dc66e-7304-41d7-b709-552095df8f53,points.earned,"{""points"":25,""source"":""points_rule"",""rule_type"":""per_visit"",""redemption_id"":""383027b4-4284-43e7-870f-160fd0b01ae1""}",admin_merch_  7,2026-08-17 09:12:31.246615+00
d69588ef-d538-46cd-acf7-5959e9d6f4af,b64a2ee7-5fc4-434d-9b92-1fa730df2810,0010c976-8d21-4769-a2e4-12c4960adc01,member.enrolled,"{""member_id"":""0010c976-8d21-4769-a2e4-12c4960adc01"",""member_code"":""MC0006"",""name"":""Megha Chedda"",""phone"":""9870132563"",""email"":null}",16a25cb0-8425-469e-a7ef-796b19f944e4,2026-09-16 12:08:07.765829+00
d71949f9-2ffb-41f3-bb45-ff8cfae8ede5,c74f8bef-6fd7-40f2-a363-1daa167d0439,77dc0655-849c-468d-b07f-cf2f0526e9f9,member.enrolled,"{""member_id"":""77dc0655-849c-468d-b07f-cf2f0526e9f9"",""member_code"":""MC0009"",""name"":""Bharat Dhivare "",""phone"":""9028244932"",""email"":null}",a8261c94-07d2-4e78-8828-8ffd3cf2b485,2026-09-22 10:51:42.679032+00
d9f6cc7f-9c0a-4f28-a50e-f80293acd913,c74f8bef-6fd7-40f2-a363-1daa167d0439,2c7b5004-39f8-4574-8da9-0785df662e4a,member.enrolled,"{""member_id"":""2c7b5004-39f8-4574-8da9-0785df662e4a"",""member_code"":""MC0001"",""name"":""piyush"",""phone"":""8320508007"",""email"":null}",a8261c94-07d2-4e78-8828-8ffd3cf2b485,2026-09-07 08:33:08.18639+00
dd6ba7da-5f0d-41a3-9ac2-98ad841787c9,merch_  7,220dc66e-7304-41d7-b709-552095df8f53,offer.redeemed,"{""redemption_id"":""b8199bbc-02d8-42d4-a8fe-fc0c2051dda1"",""offer_template_id"":""offer_merch_7_2"",""offer_title"":""HydraFacial Upgrade"",""offer_type"":""percent_off"",""amount"":0,""member_code"":""MC0007"",""total_visits"":1}",admin_merch_  7,2026-08-11 07:56:19.848007+00
e4687c7c-53ea-4126-bc24-c3830aecb1ec,bc3951f9-ff8c-436b-8322-e5dd6592ca4b,e7ad0bde-6849-4da0-996a-f7ab60f4ae3f,member.enrolled,"{""member_id"":""e7ad0bde-6849-4da0-996a-f7ab60f4ae3f"",""member_code"":""MC0002"",""name"":""Sayali Santosh kshirsagar "",""phone"":""9320999779"",""email"":null}",a1167172-835c-40e9-9c96-bab8733914c5,2026-09-07 12:20:10.880261+00
e61befbf-0a65-4e11-870a-38e0e421f2a9,c74f8bef-6fd7-40f2-a363-1daa167d0439,d44da6be-74f1-4470-9012-54c06684df3d,member.enrolled,"{""member_id"":""d44da6be-74f1-4470-9012-54c06684df3d"",""member_code"":""MC0015"",""name"":""RUPESH KUMAR"",""phone"":""7542810645"",""email"":null}",a8261c94-07d2-4e78-8828-8ffd3cf2b485,2026-09-28 17:16:42.696516+00
e6f7b4bf-c4b4-4932-adac-43b380fbd2b7,b64a2ee7-5fc4-434d-9b92-1fa730df2810,73e3a972-bf6b-49be-abff-a19f577a3e61,offer.redeemed,"{""redemption_id"":""1dfc5bfd-154d-4224-b538-f07c0237ea08"",""offer_template_id"":""61fe464d-6a30-40cc-a6b0-30d147434623"",""offer_title"":""FREE : 12 Threading"",""offer_type"":""free_service"",""amount"":0,""member_code"":""MC0004"",""total_visits"":1}",16a25cb0-8425-469e-a7ef-796b19f944e4,2026-09-13 12:49:34.82586+00
e7885e2e-1b61-4ee6-9e92-504113767e3c,b64a2ee7-5fc4-434d-9b92-1fa730df2810,e613d0f0-31a6-4cb2-91cf-56a6b0e58dac,member.enrolled,"{""member_id"":""e613d0f0-31a6-4cb2-91cf-56a6b0e58dac"",""member_code"":""MC0001"",""name"":""Karishma Shah"",""phone"":""7710931957"",""email"":null}",16a25cb0-8425-469e-a7ef-796b19f944e4,2026-09-09 09:13:01.540294+00
edbfec4e-381c-4e53-ab58-1f09b820830f,b64a2ee7-5fc4-434d-9b92-1fa730df2810,577814cd-30ad-4726-8a6a-b1929ed79b21,points.earned,"{""points"":10,""source"":""points_rule"",""rule_type"":""per_visit"",""redemption_id"":""bdb8412f-aca0-4aee-9321-8914c620e55b""}",16a25cb0-8425-469e-a7ef-796b19f944e4,2026-09-28 05:49:19.977968+00
ef765bd7-6c91-4559-a391-3120f396398b,63c2aeec-7410-4c78-9a68-beb45b1c622c,5c931bbb-8fee-4280-9f07-3ee38768845b,member.enrolled,"{""member_id"":""5c931bbb-8fee-4280-9f07-3ee38768845b"",""member_code"":""MC0011"",""name"":""Sahile komelkar "",""phone"":""9137730522"",""email"":null}",59d80d29-7bc8-4a21-bb65-b8de3275aaa7,2026-09-23 15:00:47.743892+00
f57ca5da-e6af-4361-876c-cd3495c02534,b64a2ee7-5fc4-434d-9b92-1fa730df2810,a52b28f6-d5a3-4f37-b120-cba038e8f519,member.enrolled,"{""member_id"":""a52b28f6-d5a3-4f37-b120-cba038e8f519"",""member_code"":""MC0010"",""name"":""Kerul Jadafiya"",""phone"":""9773210073"",""email"":null}",16a25cb0-8425-469e-a7ef-796b19f944e4,2026-09-29 08:39:07.964183+00
fadc82a9-1a4c-4a53-a8af-5cd97c288bd8,c74f8bef-6fd7-40f2-a363-1daa167d0439,d7133e03-ad22-424c-8c95-fdcc99898863,member.enrolled,"{""member_id"":""d7133e03-ad22-424c-8c95-fdcc99898863"",""member_code"":""MC0011"",""name"":""Jitendra yadav"",""phone"":""7878491977"",""email"":null}",a8261c94-07d2-4e78-8828-8ffd3cf2b485,2026-09-22 11:13:49.76516+00
fb25ad86-b0ef-450e-bd79-c3a18907e4ce,c74f8bef-6fd7-40f2-a363-1daa167d0439,b11ff622-9402-447b-b07a-ac5c853ed9b7,member.enrolled,"{""member_id"":""b11ff622-9402-447b-b07a-ac5c853ed9b7"",""member_code"":""MC0017"",""name"":""Ganesh borse"",""phone"":""8238794515"",""email"":null}",a8261c94-07d2-4e78-8828-8ffd3cf2b485,2026-09-30 06:39:23.90816+00
fb41f422-dc16-4377-890c-1df11931a40a,63c2aeec-7410-4c78-9a68-beb45b1c622c,03445367-2515-4718-b842-19faa5f45e3c,member.enrolled,"{""member_id"":""03445367-2515-4718-b842-19faa5f45e3c"",""member_code"":""MC0012"",""name"":""Sunita tupe"",""phone"":""7506529440"",""email"":null}",59d80d29-7bc8-4a21-bb65-b8de3275aaa7,2026-09-23 15:02:41.039254+00
fb6fa294-93a6-4238-b382-55daa7bcf662,b64a2ee7-5fc4-434d-9b92-1fa730df2810,918c0b0d-5b39-4c44-ae23-49f4c7c8037b,offer.redeemed,"{""redemption_id"":""10137bb3-f36d-4e04-be24-9d29251d809f"",""offer_template_id"":""f8b6a9ca-b6f9-46fd-b3b9-d259908d9cf1"",""offer_title"":""1O% ON REGULAR SERVICES"",""offer_type"":""percent_off"",""amount"":1790,""member_code"":""MC0003"",""total_visits"":2}",16a25cb0-8425-469e-a7ef-796b19f944e4,2026-09-13 06:17:46.150684+00
ff6f9f24-854a-4b17-85da-fcdb44d6527a,merch_  9,mem-ab0c31deb9b57cbc978b310c5bcf7392,offer.redeemed,"{""redemption_id"":""18f8a113-746f-4372-9caf-47b72e938533"",""offer_template_id"":""offer_merch_9_2"",""offer_title"":""6-Cup Digital Punch Card (Buy 5 Get 1 Free)"",""offer_type"":""percent_off"",""amount"":0,""member_code"":""MEM-27"",""total_visits"":2}",admin_merch_  9,2026-08-05 16:48:14.940906+00