id,merchant_id,code,value,is_redeemed,redeemed_by_member_id,redeemed_at,expires_at,created_at
4d2af1eb-613b-48de-85b7-c12ca769bcfe,merch_  6,U0XS343SVWJY,1000,false,,,2026-08-10,2026-08-02 09:02:57.116138+00
6e61b041-5c27-4db8-b97f-9a5745904ec3,9f5a3fe4-f21f-4fed-beaf-67dcb9c6cffc,Y0TPE589RJZ8,100,false,,2026-07-17 16:58:18.635276+00,2026-07-16,2026-07-17 16:58:18.635276+00
6e65f909-947a-435b-a445-b2bd648e986b,9f5a3fe4-f21f-4fed-beaf-67dcb9c6cffc,M9GKWO5RBSM8,100,false,,2026-07-21 16:58:18.635276+00,2026-07-16,2026-07-21 16:58:18.635276+00
70136c25-a19d-4055-bb6e-2e7b3a457feb,75eff299-f162-4427-8b08-04f404141ef9,QYG3LH1V7SS3,500,false,,,2026-09-23,2026-09-07 07:55:14.34109+00
8395b407-0ed0-4565-8913-231f2e2f9a99,9f5a3fe4-f21f-4fed-beaf-67dcb9c6cffc,5GXMCMQSF32G,10000,false,,2026-07-20 16:58:18.635276+00,2026-07-31,2026-07-20 16:58:18.635276+00
8ed4a2f0-993e-4123-9cc5-8c9dc7d3f680,9f5a3fe4-f21f-4fed-beaf-67dcb9c6cffc,GPPGU2NFMZVN,100,false,,2026-07-23 16:58:18.635276+00,2026-07-16,2026-07-23 16:58:18.635276+00
d3597a1a-d480-4b46-b3eb-6b6c05dda3cd,9f5a3fe4-f21f-4fed-beaf-67dcb9c6cffc,M2QEY49C5X4L,100,false,,2026-07-17 16:58:18.635276+00,2026-07-16,2026-07-17 16:58:18.635276+00
gv-0198f117a0139b46b54ee2978157b045,merch_  3,GV-0198f117,100,true,mem_merch_  3_first_class_vip_1,2026-07-20 16:58:18.635276+00,2026-08-22,2026-07-20 16:58:18.635276+00
gv-0466686519d14bc87efeec40dd8d1efa,merch_  7,GV-04666865,100,true,mem-27df0ea3c95f20b238b999ea9c157c09,2026-07-18 16:58:18.635276+00,2026-08-22,2026-07-18 16:58:18.635276+00
gv-07c003eb0494fe69da5887b796cf5265,merch_  1,GV-07c003eb,100,true,mem_merch_  1_shield_elite_1,2026-07-22 16:58:18.635276+00,2026-08-22,2026-07-22 16:58:18.635276+00
gv-0c75b9285ba978ddc63e3c402e59450f,merch_  6,GV-0c75b928,100,true,mem_merch_  6_basic_access_1,2026-07-22 16:58:18.635276+00,2026-08-22,2026-07-22 16:58:18.635276+00
gv-0d98fc99723b0862ba97bc9f8299447e,merch_  6,GV-0d98fc99,100,true,mem-f3ffcc249446e5bde5a241af9ad9e60a,2026-07-17 16:58:18.635276+00,2026-08-22,2026-07-17 16:58:18.635276+00
gv-0f250b5054a0701d46a830bb2034e58c,merch_  4,GV-0f250b50,100,true,mem-56be375883bc6ae8416dac05b3d6b6c5,2026-07-20 16:58:18.635276+00,2026-08-22,2026-07-20 16:58:18.635276+00
gv-127ddeee73a15c9277937bd9b4303a43,merch_ 10,GV-127ddeee,100,true,mem-6664df069dbbf8741f98bf986444a3f0,2026-07-21 16:58:18.635276+00,2026-08-22,2026-07-21 16:58:18.635276+00
gv-13b3cb112fd3d8d0e6cc51d66408b2cf,merch_  9,GV-13b3cb11,100,true,mem_merch_  9_coffee_lover_1,2026-07-18 16:58:18.635276+00,2026-08-22,2026-07-18 16:58:18.635276+00
gv-177f4c88751f672ed09d40cff3f104c2,merch_  7,GV-177f4c88,100,true,mem_merch_  7_platinum_royalty_1,2026-07-19 16:58:18.635276+00,2026-08-22,2026-07-19 16:58:18.635276+00
gv-1f678a5b70153496ee5e79c8e0a3f59b,merch_  6,GV-1f678a5b,100,true,mem_merch_  6_elite_champion_vip_1,2026-07-22 16:58:18.635276+00,2026-08-22,2026-07-22 16:58:18.635276+00
gv-20223d9cabad6dc9586d60fc8c8edc56,merch_  3,GV-20223d9c,100,true,mem-4f4f8c1d7defa12e603d8211399a4308,2026-07-18 16:58:18.635276+00,2026-08-22,2026-07-18 16:58:18.635276+00
gv-216e38c64990e5fe619404a028e0c395,merch_  3,GV-216e38c6,100,true,mem-12edd4e3a8858bd4db960380b29b3724,2026-07-19 16:58:18.635276+00,2026-08-22,2026-07-19 16:58:18.635276+00
gv-2848991da8b336da9f4f7753501ba7d0,merch_  9,GV-2848991d,100,true,mem-fb7e86eb5589243d51fd9cf05cca630e,2026-07-21 16:58:18.635276+00,2026-08-22,2026-07-21 16:58:18.635276+00
gv-2ad7b1eb98f4c0b44bbaf854887de7f7,merch_  1,GV-2ad7b1eb,100,true,mem_merch_  1_policy_starter_1,2026-07-22 16:58:18.635276+00,2026-08-22,2026-07-22 16:58:18.635276+00
gv-2d97c1ab96fe81ea2a4526a43c41433e,merch_  6,GV-2d97c1ab,100,true,mem-49fc317efc4f12be586f231a2b65607d,2026-07-21 16:58:18.635276+00,2026-08-22,2026-07-21 16:58:18.635276+00
gv-2f8e5fd59f19d1d75ae06dd7993ac258,4bf2fb6b-bdf3-49d3-ac1b-1e6e746c6643,GV-2f8e5fd5,100,true,73713194-e86f-45ae-9e9c-44d9b199ea64,2026-07-20 16:58:18.635276+00,2026-08-22,2026-07-20 16:58:18.635276+00
gv-3d7d8a11e4cc67429a8c663503c0d016,merch_ 10,GV-3d7d8a11,100,true,mem_merch_ 10_solitaire_crown_vip_1,2026-07-20 16:58:18.635276+00,2026-08-22,2026-07-20 16:58:18.635276+00
gv-3e4b9383a7642a050a070c302f340628,merch_  8,GV-3e4b9383,100,true,mem-b05bedb6ed3a7b966f82759856eb4b7c,2026-07-23 16:58:18.635276+00,2026-08-22,2026-07-23 16:58:18.635276+00
gv-3e7af3c49b2b4a77e934188ef7b2682b,merch_  4,GV-3e7af3c4,100,true,mem_merch_  4_amc_gold_vip_1,2026-07-17 16:58:18.635276+00,2026-08-22,2026-07-17 16:58:18.635276+00
gv-42f10ae88154d55a91e235c40dad7934,9f5a3fe4-f21f-4fed-beaf-67dcb9c6cffc,GV-42f10ae8,100,true,9722e2ba-17b8-4020-9470-9542a01c390c,2026-07-20 16:58:18.635276+00,2026-08-22,2026-07-20 16:58:18.635276+00
gv-45d3f193b8dc41d62239173fdb3ba780,merch_  1,GV-45d3f193,100,true,mem-eb892d3adc43b7bc4f8cb9604cdbf8ec,2026-07-18 16:58:18.635276+00,2026-08-22,2026-07-18 16:58:18.635276+00
gv-4a478c54f899183df85e86e031fa5047,merch_  6,GV-4a478c54,100,true,mem_merch_  6_pro_athlete_1,2026-07-23 16:58:18.635276+00,2026-08-22,2026-07-23 16:58:18.635276+00
gv-4cce0b1f2dff3e32985663c609573b27,merch_  1,GV-4cce0b1f,100,true,mem-e67d69fe2fcfd08b641a1584c8ecb623,2026-07-17 16:58:18.635276+00,2026-08-22,2026-07-17 16:58:18.635276+00
gv-53c155b25be123cd3f0d9e29922eabb9,merch_  7,GV-53c155b2,100,true,mem-0e3b579efefa397745a21162cb940394,2026-07-23 16:58:18.635276+00,2026-08-22,2026-07-23 16:58:18.635276+00
gv-5730aa709d20570983bb1a84f38d25ce,merch_  5,GV-5730aa70,100,true,mem-1b6a1e36581fbdfc52c6a135974e1675,2026-07-18 16:58:18.635276+00,2026-08-22,2026-07-18 16:58:18.635276+00
gv-5a1eb19e083f6e709c0d585fd156a5d3,merch_  8,GV-5a1eb19e,100,true,mem_merch_  8_care_starter_1,2026-07-18 16:58:18.635276+00,2026-08-22,2026-07-18 16:58:18.635276+00
gv-5a61a7b5eb9c93046e126f0df1384c1d,merch_  9,GV-5a61a7b5,100,true,mem_merch_  9_brew_master_1,2026-07-18 16:58:18.635276+00,2026-08-22,2026-07-18 16:58:18.635276+00
gv-663ac8dacf62c3f4616961083b8eda32,merch_  6,GV-663ac8da,100,true,44c69212-90b6-4de8-98ed-d74a12ab3013,2026-07-21 16:58:18.635276+00,2026-08-22,2026-07-21 16:58:18.635276+00
gv-6aa0943bdef6229b8bdfdf116d05dbf0,4bf2fb6b-bdf3-49d3-ac1b-1e6e746c6643,GV-6aa0943b,100,true,mem-cc5e67de2d566c08a1aab2b21dc7ac96,2026-07-21 16:58:18.635276+00,2026-08-22,2026-07-21 16:58:18.635276+00
gv-6bdf7efa56d7df2db43159b6686a681d,merch_  2,GV-6bdf7efa,100,true,mem-80c518dc99a2188908fb98a5e0796bed,2026-07-20 16:58:18.635276+00,2026-08-22,2026-07-20 16:58:18.635276+00
gv-7944f9f06e5d1e6cbbca9cf4fed6758b,merch_  2,GV-7944f9f0,100,true,mem-01ac1e4ead82598395e52bb04b258746,2026-07-19 16:58:18.635276+00,2026-08-22,2026-07-19 16:58:18.635276+00
gv-7b14bda98bbe92f5566bd8db73da18b6,merch_ 10,GV-7b14bda9,100,true,mem_merch_ 10_gold_elite_1,2026-07-23 16:58:18.635276+00,2026-08-22,2026-07-23 16:58:18.635276+00
gv-7b67f8e093f2663088a90bc20c338c5d,merch_  9,GV-7b67f8e0,100,true,mem_merch_  9_work-from-cafe_vip_1,2026-07-22 16:58:18.635276+00,2026-08-22,2026-07-22 16:58:18.635276+00
gv-7bb62c012f01f4123aacea6ce1cff71a,4bf2fb6b-bdf3-49d3-ac1b-1e6e746c6643,GV-7bb62c01,100,true,2f3f1a71-9597-4a2f-850d-adfa2ce9a08e,2026-07-19 16:58:18.635276+00,2026-08-22,2026-07-19 16:58:18.635276+00
gv-7bf90605e446fe6b9307347afd115ddf,merch_  5,GV-7bf90605,100,true,mem_merch_  5_vip_family_club_1,2026-07-22 16:58:18.635276+00,2026-08-22,2026-07-22 16:58:18.635276+00
gv-8077d1fd551743461c8902e37f881c24,merch_  2,GV-8077d1fd,100,true,mem_merch_  2_home_owner_preferred_1,2026-07-23 16:58:18.635276+00,2026-08-22,2026-07-23 16:58:18.635276+00
gv-86a9e85a8089b0e9b898bdd078a92149,merch_  8,GV-86a9e85a,100,true,mem-98d874e771a317826afc2643d80fac79,2026-07-19 16:58:18.635276+00,2026-08-22,2026-07-19 16:58:18.635276+00
gv-8a4eac6042553141d417dc8586b0f109,merch_  4,GV-8a4eac60,100,true,mem-4f4737a85a664b67dec607c19edaff06,2026-07-21 16:58:18.635276+00,2026-08-22,2026-07-21 16:58:18.635276+00
gv-8a953df07107fef276defce6f4a37104,merch_  5,GV-8a953df0,100,true,mem_merch_  5_super_shopper_1,2026-07-19 16:58:18.635276+00,2026-08-22,2026-07-19 16:58:18.635276+00
gv-8aeae92ec42997c5eecb9ee5835b5199,merch_  8,GV-8aeae92e,100,true,mem_merch_  8_drive_pro_1,2026-07-17 16:58:18.635276+00,2026-08-22,2026-07-17 16:58:18.635276+00
gv-8f680e9d8aa2a7b490d9aa12e65f332d,merch_  9,GV-8f680e9d,100,true,mem-ab0c31deb9b57cbc978b310c5bcf7392,2026-07-22 16:58:18.635276+00,2026-08-22,2026-07-22 16:58:18.635276+00
gv-9177f7e913d7ed1ba4985eee3c8f1b74,merch_  4,GV-9177f7e9,100,true,mem-62d2ea23a3559c0b1e6b157e3fc075bc,2026-07-21 16:58:18.635276+00,2026-08-22,2026-07-21 16:58:18.635276+00
gv-9582e18a68fcd974a4b2013c3bc99baa,merch_ 10,GV-9582e18a,100,true,mem-cb185ed34ca062a228aabd125b7e5545,2026-07-21 16:58:18.635276+00,2026-08-22,2026-07-21 16:58:18.635276+00
gv-99c40a2daba8838037f9e87bc4edeb57,merch_ 10,GV-99c40a2d,100,true,mem-35edcb7d4107bdd2dcc77e64e9e1d85b,2026-07-22 16:58:18.635276+00,2026-08-22,2026-07-22 16:58:18.635276+00
gv-9d0c9f4f17c4303168f8c0196f1c2434,merch_  6,GV-9d0c9f4f,100,true,mem-25262c83327365225f36135fed87ad91,2026-07-17 16:58:18.635276+00,2026-08-22,2026-07-17 16:58:18.635276+00
gv-9fbd831c929b82869596c56c2acd2bac,merch_  1,GV-9fbd831c,100,true,mem-dafe7c867c4e002408c1850fbda2c400,2026-07-23 16:58:18.635276+00,2026-08-22,2026-07-23 16:58:18.635276+00
gv-a15998b36adecac45f1e14cee61c5efd,merch_  4,GV-a15998b3,100,true,mem_merch_  4_pay-per-service_1,2026-07-20 16:58:18.635276+00,2026-08-22,2026-07-20 16:58:18.635276+00
gv-a237e419941f134df3810a354c860952,merch_  7,GV-a237e419,100,true,mem_merch_  7_gold_luxe_1,2026-07-22 16:58:18.635276+00,2026-08-22,2026-07-22 16:58:18.635276+00
gv-a3469b7d179fd03f16908aa118237c7f,merch_  3,GV-a3469b7d,100,true,mem-2b52f66809911c7d95ff07a3de005ada,2026-07-17 16:58:18.635276+00,2026-08-22,2026-07-17 16:58:18.635276+00
gv-ad3998a39cf38b4b867ed02c510813b2,9f5a3fe4-f21f-4fed-beaf-67dcb9c6cffc,GV-ad3998a3,100,true,mem-a0e330925e832caedad5e558181a5ebc,2026-07-18 16:58:18.635276+00,2026-08-22,2026-07-18 16:58:18.635276+00
gv-ad3e6430ac349ca8650d5418806115a7,merch_  2,GV-ad3e6430,100,true,mem_merch_  2_resident_member_1,2026-07-19 16:58:18.635276+00,2026-08-22,2026-07-19 16:58:18.635276+00
gv-b31aa6a3a00a5d34f563454ae9d1129c,merch_  1,GV-b31aa6a3,100,true,mem_merch_  1_heritage_vip_1,2026-07-21 16:58:18.635276+00,2026-08-22,2026-07-21 16:58:18.635276+00
gv-b448f2c2a7b9dca08de8bd134b46c9df,merch_  8,GV-b448f2c2,100,true,mem-dee482b42443f2baca67985e1a5433fc,2026-07-17 16:58:18.635276+00,2026-08-22,2026-07-17 16:58:18.635276+00
gv-b568aec1eed724fbaca4e0ce045282ae,merch_  2,GV-b568aec1,100,true,mem_merch_  2_prestige_buyer_vip_1,2026-07-23 16:58:18.635276+00,2026-08-22,2026-07-23 16:58:18.635276+00
gv-b5f7be6fc84c4479be66852849544a02,merch_  3,GV-b5f7be6f,100,true,mem_merch_  3_explorer_1,2026-07-18 16:58:18.635276+00,2026-08-22,2026-07-18 16:58:18.635276+00
gv-c1e71359f68d9ebc07ed23d957dd49cd,merch_  9,GV-c1e71359,100,true,mem-f9697cc4810d664d1915dc2812b6a7cb,2026-07-20 16:58:18.635276+00,2026-08-22,2026-07-20 16:58:18.635276+00
gv-c617011f8dae12dfd7e78ebf6cd96ac3,merch_  7,GV-c617011f,100,true,mem_merch_  7_silver_beauty_1,2026-07-21 16:58:18.635276+00,2026-08-22,2026-07-21 16:58:18.635276+00
gv-cce6023fe75f2221c6458d9ed5b752e3,merch_ 10,GV-cce6023f,100,true,mem_merch_ 10_ornament_club_1,2026-07-23 16:58:18.635276+00,2026-08-22,2026-07-23 16:58:18.635276+00
gv-d37dee94ba76e4490a7dcd3e57f64e05,merch_  4,GV-d37dee94,100,true,mem_merch_  4_amc_silver_1,2026-07-17 16:58:18.635276+00,2026-08-22,2026-07-17 16:58:18.635276+00
gv-d51b57723e83142d8615e6001f94c252,merch_  2,GV-d51b5772,100,true,mem-38d9f52d770d33cbcdeb1ce7ed89b9fc,2026-07-21 16:58:18.635276+00,2026-08-22,2026-07-21 16:58:18.635276+00
gv-de12f066e9a8eb4f50dc2931209f9281,merch_  7,GV-de12f066,100,true,mem-a8ab70a6200ce8faaec876906805a3f7,2026-07-21 16:58:18.635276+00,2026-08-22,2026-07-21 16:58:18.635276+00
gv-f0bd7fa614d33e0d3e87dee68bbb987b,merch_  5,GV-f0bd7fa6,100,true,mem_merch_  5_smart_saver_1,2026-07-17 16:58:18.635276+00,2026-08-22,2026-07-17 16:58:18.635276+00
gv-f3c7d15375da0b9b5b5488b14d76d3a2,merch_  5,GV-f3c7d153,100,true,mem-5c2dc7423a0c677e54c64500d7af5642,2026-07-19 16:58:18.635276+00,2026-08-22,2026-07-19 16:58:18.635276+00
gv-f414dae6e50dfaaa353fcf9dab4e919c,merch_  8,GV-f414dae6,100,true,mem_merch_  8_shield_ceramic_vip_1,2026-07-21 16:58:18.635276+00,2026-08-22,2026-07-21 16:58:18.635276+00
gv-f88229376e7d06c88fa2630e603591c4,4bf2fb6b-bdf3-49d3-ac1b-1e6e746c6643,GV-f8822937,100,true,mem_94d50169-c4e7-4c8d-9f9d-b7e23e6ca82f_1,2026-07-21 16:58:18.635276+00,2026-08-22,2026-07-21 16:58:18.635276+00
gv-fa0b7d55bd33ffaa051c3fbd0a470bb1,merch_  5,GV-fa0b7d55,100,true,mem-5b8d4a96465c19fe045644cbb681631f,2026-07-23 16:58:18.635276+00,2026-08-22,2026-07-23 16:58:18.635276+00
gv-fa83d4bd3f7778b0ecf5fb683c15544c,9f5a3fe4-f21f-4fed-beaf-67dcb9c6cffc,GV-fa83d4bd,100,true,mem_ea2bc841-f304-4a67-91db-c58ee4fa3273_1,2026-07-21 16:58:18.635276+00,2026-08-22,2026-07-21 16:58:18.635276+00
gv-fec65d47a10ba662e918c2814d7886d8,merch_  3,GV-fec65d47,100,true,mem_merch_  3_globetrotter_1,2026-07-20 16:58:18.635276+00,2026-08-22,2026-07-20 16:58:18.635276+00