id,member_id,merchant_id,type,points,source_redemption_id,source_offer_id,balance_after,created_at,note
04f928c1-1ce0-4443-9d2f-fb5315a92731,220dc66e-7304-41d7-b709-552095df8f53,merch_  7,earn,25,383027b4-4284-43e7-870f-160fd0b01ae1,,70,2026-08-17 09:12:31.246615+00,Points rule: 25 pts per visit
07991d9d-72d7-421b-a98f-48da450bc401,220dc66e-7304-41d7-b709-552095df8f53,merch_  7,earn,25,b8199bbc-02d8-42d4-a8fe-fc0c2051dda1,,35,2026-08-11 07:56:19.848007+00,Points rule: 25 pts per visit
081fefa3-32ce-48d9-a3ee-072760d149e7,mem-ab0c31deb9b57cbc978b310c5bcf7392,merch_  9,earn,40,,,1290,2026-08-05 16:54:56.857027+00,Purchase ₹2000.00
17e0f721-b795-4329-8e58-3ae3a064a42b,mem-ab0c31deb9b57cbc978b310c5bcf7392,merch_  9,earn,30,,,1230,2026-08-05 16:45:52.263086+00,Purchase ₹1000.00
1c6083ae-9372-4c7c-8753-2816c7b49b6e,7c076254-aae9-4646-a6bf-e75f0cf6ba76,b64a2ee7-5fc4-434d-9b92-1fa730df2810,earn,1030,,,1030,2026-09-09 11:35:20.274554+00,Welcome Bonus Points
26438d1e-1428-4f54-98b5-2ac39a2c34e1,e613d0f0-31a6-4cb2-91cf-56a6b0e58dac,b64a2ee7-5fc4-434d-9b92-1fa730df2810,earn,10,5f59cea8-09a2-4c52-be74-7cbbab46ee24,,20,2026-09-24 13:09:51.382938+00,Points rule: 10 pts per visit
39802f21-0858-4d61-8dd0-4a9e6e672d1a,577814cd-30ad-4726-8a6a-b1929ed79b21,b64a2ee7-5fc4-434d-9b92-1fa730df2810,earn,10,bdb8412f-aca0-4aee-9321-8914c620e55b,,10,2026-09-28 05:49:19.977968+00,Points rule: 10 pts per visit
4d547907-9824-44c1-ae7f-168da8b574b4,c709d17f-6996-4b39-ad84-0e7daf04e46f,75eff299-f162-4427-8b08-04f404141ef9,earn,10,,,10,2026-09-19 14:00:14.502058+00,Welcome Bonus Points
50a772b8-0cc7-4c68-9658-3eca68e982f7,ba0ba1d2-55e3-40e6-b88e-ad5db9a2c39d,75eff299-f162-4427-8b08-04f404141ef9,earn,10,,,10,2026-09-25 09:44:11.610286+00,Welcome Bonus Points
5d1d2871-3111-45bd-9cd8-d346ad0f3cc9,918c0b0d-5b39-4c44-ae23-49f4c7c8037b,b64a2ee7-5fc4-434d-9b92-1fa730df2810,earn,10,10137bb3-f36d-4e04-be24-9d29251d809f,,20,2026-09-13 06:17:46.150684+00,Points rule: 10 pts per visit
6681dcee-a534-475d-8db6-87da0006abdf,e613d0f0-31a6-4cb2-91cf-56a6b0e58dac,b64a2ee7-5fc4-434d-9b92-1fa730df2810,earn,10,a57c7921-4ef9-41da-b1a3-8770cc8fe029,,10,2026-09-18 05:52:35.292247+00,Points rule: 10 pts per visit
66fc856a-717a-4292-bd5f-97ca6d648f19,dbf585f9-4d67-4e05-b632-0b0ff60e0992,bc3951f9-ff8c-436b-8322-e5dd6592ca4b,earn,1600,,,1600,2026-09-17 14:30:01.347442+00,Welcome Bonus Points
6af6a8f5-d194-40a9-b61c-8cb88263ec76,mem-35edcb7d4107bdd2dcc77e64e9e1d85b,merch_ 10,earn,500,ecb2bfea-9462-4385-945b-2092e3fb5e03,,1700,2026-09-29 11:46:02.319341+00,Points rule: 500 pts per visit
8934628d-01f9-48aa-9c3a-1af33a1c28da,f055ee36-af9b-4800-87fa-0d71136c506f,bc3951f9-ff8c-436b-8322-e5dd6592ca4b,earn,400,,,400,2026-09-15 14:17:30.929684+00,Welcome Bonus Points
8d6e36c4-c202-4397-9a3a-abc928a7c0d9,220dc66e-7304-41d7-b709-552095df8f53,merch_  7,earn,10,383027b4-4284-43e7-870f-160fd0b01ae1,offer_merch_7_2,45,2026-08-17 09:12:31.246615+00,Earned from offer: HydraFacial Upgrade
93540248-3685-483e-8591-3433e4ca644d,918c0b0d-5b39-4c44-ae23-49f4c7c8037b,b64a2ee7-5fc4-434d-9b92-1fa730df2810,earn,10,7a96c68f-80c6-4b05-8109-5111c9e94302,,10,2026-09-13 06:13:10.931022+00,Points rule: 10 pts per visit
94d69f22-2eaa-40e4-817e-73da56ff9bae,355949f5-7084-4327-affa-41bb11601bbf,bc3951f9-ff8c-436b-8322-e5dd6592ca4b,earn,1017,,,1017,2026-09-09 11:29:32.352865+00,Welcome Bonus Points
9591be24-b15c-4ba6-b0d7-037ed9f0fd08,577814cd-30ad-4726-8a6a-b1929ed79b21,b64a2ee7-5fc4-434d-9b92-1fa730df2810,earn,10,6676c3a5-9b5c-4362-b5ad-a1d257f01dcc,,20,2026-09-28 05:49:35.754101+00,Points rule: 10 pts per visit
b15e10af-5ce3-4979-a5a2-a4802998ba3f,0c64d686-792e-4d25-bfe7-8f14632a9e0f,75eff299-f162-4427-8b08-04f404141ef9,earn,10,,,10,2026-09-23 15:56:34.084236+00,Welcome Bonus Points
c16720d0-f7b0-4815-9d42-77b3341bdf97,734abd4e-cdbc-4eea-ac93-50d0e37b3c97,bc3951f9-ff8c-436b-8322-e5dd6592ca4b,earn,600,,,600,2026-09-28 13:27:26.782513+00,Welcome Bonus Points
ca567659-5e30-4567-b59d-b3b35b74c68f,220dc66e-7304-41d7-b709-552095df8f53,merch_  7,earn,10,b8199bbc-02d8-42d4-a8fe-fc0c2051dda1,offer_merch_7_2,10,2026-08-11 07:56:19.848007+00,Earned from offer: HydraFacial Upgrade
caae3212-1904-4909-8b6e-c712fe2e8c41,a7c1fae6-6866-4219-bf40-ecc06f71eed8,bc3951f9-ff8c-436b-8322-e5dd6592ca4b,earn,500,f00cc4c6-a72c-465f-a8ea-e13cfac99ece,,500,2026-09-09 11:04:39.523147+00,Points rule: 100 pts/₹1000 × ₹5000
ce5bb210-c36d-4086-b2f2-aa7c643f68a1,0010c976-8d21-4769-a2e4-12c4960adc01,b64a2ee7-5fc4-434d-9b92-1fa730df2810,earn,10,414d67d5-cd38-48c6-91b2-d75856116f9b,,10,2026-09-30 05:40:58.707694+00,Points rule: 10 pts per visit
da10e34b-2911-4e17-b138-7c6828c81a6f,30d516ea-5f2c-4aee-b6f7-3365b963c288,75eff299-f162-4427-8b08-04f404141ef9,earn,10,,,10,2026-09-25 09:35:47.092702+00,Welcome Bonus Points
deb8d27f-a37a-44b4-ab38-ceefe5848d4a,mem-ab0c31deb9b57cbc978b310c5bcf7392,merch_  9,earn,20,18f8a113-746f-4372-9caf-47b72e938533,,1250,2026-08-05 16:48:14.940906+00,Points rule: 20 pts per visit
e60df6b1-519c-448c-81af-c70932190325,ea24353b-ca00-4a9a-8eed-d453778e7438,bc3951f9-ff8c-436b-8322-e5dd6592ca4b,earn,1700,,,1700,2026-09-09 14:03:47.507083+00,Welcome Bonus Points
e783548c-0e49-485b-a6aa-e8cc18305215,b085a570-6937-4153-92ef-df914428c990,75eff299-f162-4427-8b08-04f404141ef9,earn,10,,,10,2026-09-25 09:42:22.700237+00,Welcome Bonus Points
f95d1c63-33fa-45ee-a13d-2649e22262d9,73e3a972-bf6b-49be-abff-a19f577a3e61,b64a2ee7-5fc4-434d-9b92-1fa730df2810,earn,10,1dfc5bfd-154d-4224-b538-f07c0237ea08,,10,2026-09-13 12:49:34.82586+00,Points rule: 10 pts per visit
lt-00675afad5b6aca6fc4b7ad5532dbf49,mem-12edd4e3a8858bd4db960380b29b3724,merch_  3,redeem,250,,,250,2026-07-23 12:32:56.35265+00,
lt-01f71fa9fee15d897233a49961e310ea,mem_merch_  6_elite_champion_vip_1,merch_  6,earn,200,,efc9d470-af7a-421a-af5f-35e3cf969d23,500,2026-07-19 02:38:56.35265+00,
lt-048f28e0127caa83c30bc96be6d9a026,mem_merch_  7_silver_beauty_1,merch_  7,earn,300,,offer_merch_7_1,300,2026-07-16 20:37:56.35265+00,
lt-060458a96cbbbc1fda50b0ee2e741874,mem_merch_ 10_ornament_club_1,merch_ 10,earn,300,,offer_merch_10_1,300,2026-07-21 14:22:56.35265+00,
lt-06b232feb456470823df91541e47ac9f,mem_merch_  3_globetrotter_1,merch_  3,redeem,250,,offer_merch_3_1,250,2026-07-21 18:58:56.35265+00,
lt-0a02e7411c848109f9e42800321ebdbf,mem_merch_  3_first_class_vip_1,merch_  3,redeem,250,,offer_merch_3_1,250,2026-07-17 18:15:56.35265+00,
lt-0b0f3b58cb441c1b6e06bacb3524676f,mem-35edcb7d4107bdd2dcc77e64e9e1d85b,merch_ 10,earn,300,,,300,2026-07-19 03:13:56.35265+00,
lt-0c4eabd664fe3d36dee936c1f180d8b7,mem-38d9f52d770d33cbcdeb1ce7ed89b9fc,merch_  2,redeem,250,,,250,2026-07-18 06:25:56.35265+00,
lt-0d323dcc81f40be4f81c4e774e31e950,mem_merch_  9_work-from-cafe_vip_1,merch_  9,earn,200,,offer_merch_9_1,500,2026-07-17 15:24:56.35265+00,
lt-0e01297c84991fe7234625fdee16a875,mem-dee482b42443f2baca67985e1a5433fc,merch_  8,redeem,250,,,250,2026-07-21 08:40:56.35265+00,
lt-0ebc18a7b5f7f285ad1e333e802062de,mem_merch_  5_smart_saver_1,merch_  5,earn,200,,offer_merch_5_1,500,2026-07-21 17:08:56.35265+00,
lt-0edf6db2ba506de17bcdf4dcb8fbf54a,mem-cc5e67de2d566c08a1aab2b21dc7ac96,4bf2fb6b-bdf3-49d3-ac1b-1e6e746c6643,earn,300,,,300,2026-07-21 11:04:56.35265+00,
lt-0efbc61785de277010433780b52cb78c,mem_merch_  7_gold_luxe_1,merch_  7,earn,300,,offer_merch_7_1,300,2026-07-17 02:00:56.35265+00,
lt-0f45e1cb495074117067ab96004bdf38,mem_merch_  3_first_class_vip_1,merch_  3,earn,200,,offer_merch_3_1,500,2026-07-22 17:09:56.35265+00,
lt-141b1b5d9b2c1d5183de8c1f8bc05d6c,mem-eb892d3adc43b7bc4f8cb9604cdbf8ec,merch_  1,redeem,250,,,250,2026-07-19 07:39:56.35265+00,
lt-18024e9ffe98c7aa77eb8af12361b969,mem-b05bedb6ed3a7b966f82759856eb4b7c,merch_  8,earn,200,,,500,2026-07-18 19:11:56.35265+00,
lt-1964e46354fc0154968cf80a4e78f141,mem-a8ab70a6200ce8faaec876906805a3f7,merch_  7,redeem,250,,,250,2026-07-21 23:01:56.35265+00,
lt-1a968401a7590bff118fd16dbb90cf71,mem_ea2bc841-f304-4a67-91db-c58ee4fa3273_1,9f5a3fe4-f21f-4fed-beaf-67dcb9c6cffc,earn,200,,,500,2026-07-19 03:52:56.35265+00,
lt-1b60f45aad6eb7bef8051d8e8df71963,mem-dafe7c867c4e002408c1850fbda2c400,merch_  1,earn,300,,,300,2026-07-16 18:15:56.35265+00,
lt-1e7533e66c0497803be175f980716240,mem_merch_  1_policy_starter_1,merch_  1,redeem,250,,offer_merch_1_1,250,2026-07-22 23:05:56.35265+00,
lt-1f4c2b399419184565c84124e6077a5d,mem-98d874e771a317826afc2643d80fac79,merch_  8,redeem,250,,,250,2026-07-18 02:31:56.35265+00,
lt-1fa7a3af310dece51e9f1c06d82b6cc4,mem-0e3b579efefa397745a21162cb940394,merch_  7,earn,200,,,500,2026-07-18 16:36:56.35265+00,
lt-208b5dc963aa246c8659c44771c84e4d,mem_merch_  8_drive_pro_1,merch_  8,earn,300,,offer_merch_8_1,300,2026-07-23 09:05:56.35265+00,
lt-21c720ccd8d44fbb754db2734e42531c,mem-38d9f52d770d33cbcdeb1ce7ed89b9fc,merch_  2,earn,300,,,300,2026-07-22 01:26:56.35265+00,
lt-241db1378cd621d31fc555d010e59770,mem-49fc317efc4f12be586f231a2b65607d,merch_  6,earn,200,,,500,2026-07-21 11:16:56.35265+00,
lt-2638d6979e81dba58adb825c9f5e0eb4,mem-01ac1e4ead82598395e52bb04b258746,merch_  2,redeem,250,,,250,2026-07-19 08:39:56.35265+00,
lt-2687487857b02be476c8b0dad4d649fa,mem_merch_  5_smart_saver_1,merch_  5,redeem,250,,offer_merch_5_1,250,2026-07-22 16:25:56.35265+00,
lt-27c2954698cf589b5817f3c3ebee5643,mem_merch_  9_coffee_lover_1,merch_  9,earn,300,,offer_merch_9_1,300,2026-07-22 03:36:56.35265+00,
lt-285482500e418be65b324522e6851633,mem_merch_  3_first_class_vip_1,merch_  3,earn,300,,offer_merch_3_1,300,2026-07-17 20:30:56.35265+00,
lt-2895e53dd33e708427cea6d64848fa96,mem-35edcb7d4107bdd2dcc77e64e9e1d85b,merch_ 10,redeem,250,,,250,2026-07-17 22:45:56.35265+00,
lt-2ac2a13876a7a84769a6c91b3d227d10,mem_merch_  9_brew_master_1,merch_  9,earn,200,,offer_merch_9_1,500,2026-07-19 16:29:56.35265+00,
lt-2d51e044b0f7c01b83d97db03e24afc2,mem-1b6a1e36581fbdfc52c6a135974e1675,merch_  5,earn,200,,,500,2026-07-20 19:17:56.35265+00,
lt-2e230ff0d7e92580527a89fe0086c2fc,mem-4f4737a85a664b67dec607c19edaff06,merch_  4,earn,300,,,300,2026-07-17 14:10:56.35265+00,
lt-2e8f548dcb15da1f6db21e4734921770,mem_94d50169-c4e7-4c8d-9f9d-b7e23e6ca82f_1,4bf2fb6b-bdf3-49d3-ac1b-1e6e746c6643,earn,300,,,300,2026-07-19 12:01:56.35265+00,
lt-2f9a217a5de73b6b4d5e20f32977e87e,mem-6664df069dbbf8741f98bf986444a3f0,merch_ 10,earn,200,,,500,2026-07-19 15:06:56.35265+00,
lt-30d2587d114a43d184925a521c34226e,mem-0e3b579efefa397745a21162cb940394,merch_  7,redeem,250,,,250,2026-07-18 12:56:56.35265+00,
lt-32e3d56fc2c32f64b3156fd0dcb5e8ec,mem_merch_  2_resident_member_1,merch_  2,redeem,250,,offer_merch_2_1,250,2026-07-23 02:12:56.35265+00,
lt-33dba3a3df9db4063fd498f278da539c,73713194-e86f-45ae-9e9c-44d9b199ea64,4bf2fb6b-bdf3-49d3-ac1b-1e6e746c6643,earn,300,,0804af25-39c5-467b-b395-7eb99d9543de,300,2026-07-22 02:32:56.35265+00,
lt-34c880f0a3316add16efd464da590cc4,mem-38d9f52d770d33cbcdeb1ce7ed89b9fc,merch_  2,earn,200,,,500,2026-07-21 08:56:56.35265+00,
lt-34efbbc36cbb3ea331f9c488e77008ea,mem-27df0ea3c95f20b238b999ea9c157c09,merch_  7,earn,200,,,500,2026-07-22 22:13:56.35265+00,
lt-362d1b27fa39ee923931eb758e808dcb,mem_merch_  9_brew_master_1,merch_  9,redeem,250,,offer_merch_9_1,250,2026-07-20 07:03:56.35265+00,
lt-37adbb4960e31c54d94b2caa1ef0e3ac,mem-fb7e86eb5589243d51fd9cf05cca630e,merch_  9,earn,300,,,300,2026-07-21 05:08:56.35265+00,
lt-3819ea3e3d28d016b714423261f6f89a,mem-56be375883bc6ae8416dac05b3d6b6c5,merch_  4,earn,300,,,300,2026-07-22 14:56:56.35265+00,
lt-3a8ea9984bc225222e5ef8eb2d921593,mem-56be375883bc6ae8416dac05b3d6b6c5,merch_  4,earn,200,,,500,2026-07-20 15:39:56.35265+00,
lt-3afa9c690623e196d673953832533803,mem-4f4f8c1d7defa12e603d8211399a4308,merch_  3,redeem,250,,,250,2026-07-18 00:46:56.35265+00,
lt-3e54df67d6a5fe96a25e8375239e6bf1,mem-80c518dc99a2188908fb98a5e0796bed,merch_  2,earn,200,,,500,2026-07-23 06:13:56.35265+00,
lt-3ff7ea0f87776c526a7dd62c8885b4c0,mem-5b8d4a96465c19fe045644cbb681631f,merch_  5,earn,200,,,500,2026-07-21 19:19:56.35265+00,
lt-40e65a581d38a5eecbb551f994072122,2f3f1a71-9597-4a2f-850d-adfa2ce9a08e,4bf2fb6b-bdf3-49d3-ac1b-1e6e746c6643,earn,200,,33038b24-413c-4ef5-8db8-8629bed5830b,500,2026-07-21 23:22:56.35265+00,
lt-426814d7d344239c88769e0c34ad371b,mem_merch_  9_coffee_lover_1,merch_  9,earn,200,,offer_merch_9_1,500,2026-07-21 22:36:56.35265+00,
lt-4286c035eabcc114899fce8c19c318a9,mem_merch_  3_explorer_1,merch_  3,redeem,250,,offer_merch_3_1,250,2026-07-18 08:33:56.35265+00,
lt-431d1337707ad598a50de5e1ff5cffe9,mem_merch_ 10_solitaire_crown_vip_1,merch_ 10,earn,200,,offer_merch_10_1,500,2026-07-20 10:22:56.35265+00,
lt-43eb534250e16235cffc2edc1cf51dd1,mem-4f4737a85a664b67dec607c19edaff06,merch_  4,earn,200,,,500,2026-07-20 03:37:56.35265+00,
lt-46a4179d45896a0c119287052ab63ffc,mem_merch_  5_vip_family_club_1,merch_  5,redeem,250,,offer_merch_5_1,250,2026-07-23 12:28:56.35265+00,
lt-472b833fd94443d8d6de1c1e93a688f0,mem_ea2bc841-f304-4a67-91db-c58ee4fa3273_1,9f5a3fe4-f21f-4fed-beaf-67dcb9c6cffc,earn,300,,,300,2026-07-20 18:38:56.35265+00,
lt-47eb28f790e6d32b316083fb3a85650d,mem-5b8d4a96465c19fe045644cbb681631f,merch_  5,earn,300,,,300,2026-07-20 21:27:56.35265+00,
lt-47fffcdc5423b14a3cad54ae269f631c,mem-4f4f8c1d7defa12e603d8211399a4308,merch_  3,earn,300,,,300,2026-07-22 12:44:56.35265+00,
lt-4a0e9b87639856d928f8e28433b5a9bd,mem-cb185ed34ca062a228aabd125b7e5545,merch_ 10,redeem,250,,,250,2026-07-18 17:31:56.35265+00,
lt-4b345df194748acd9343a9ab60184abb,mem_merch_  6_pro_athlete_1,merch_  6,earn,300,,efc9d470-af7a-421a-af5f-35e3cf969d23,300,2026-07-20 16:03:56.35265+00,
lt-4fc7ddd264a0890560fa59e2239af4e4,mem-e67d69fe2fcfd08b641a1584c8ecb623,merch_  1,earn,300,,,300,2026-07-21 09:18:56.35265+00,
lt-4ffd3d362cc5882b83e639f9ae6afab5,mem_merch_  6_pro_athlete_1,merch_  6,redeem,250,,efc9d470-af7a-421a-af5f-35e3cf969d23,250,2026-07-19 01:10:56.35265+00,
lt-521bf0c9240fcb67875478eeb19b284b,mem_94d50169-c4e7-4c8d-9f9d-b7e23e6ca82f_1,4bf2fb6b-bdf3-49d3-ac1b-1e6e746c6643,earn,200,,,500,2026-07-17 12:36:56.35265+00,
lt-53292266b1fac43619e1854e209134c8,mem_merch_ 10_solitaire_crown_vip_1,merch_ 10,redeem,250,,offer_merch_10_1,250,2026-07-19 22:43:56.35265+00,
lt-537b25af5e6e55ac18f6b778f92c348d,mem_merch_  8_care_starter_1,merch_  8,earn,200,,offer_merch_8_1,500,2026-07-20 11:46:56.35265+00,
lt-53e9c998f0a19c14b8fb161b1beccde4,mem_merch_  4_amc_gold_vip_1,merch_  4,earn,300,,offer_merch_4_1,300,2026-07-19 20:47:56.35265+00,
lt-55bf65b80156f402de487ee832d4bb4d,mem_merch_  9_brew_master_1,merch_  9,earn,300,,offer_merch_9_1,300,2026-07-17 10:11:56.35265+00,
lt-5687314f6f106d23dfefb60cb0a7785b,44c69212-90b6-4de8-98ed-d74a12ab3013,merch_  6,earn,300,,offer_merch_6_1,300,2026-07-21 06:48:56.35265+00,
lt-57312fe202259ac3d373d4977557b69e,mem_merch_  6_basic_access_1,merch_  6,earn,200,,offer_merch_6_1,500,2026-07-18 20:11:56.35265+00,
lt-57683e8be7195a41bd66cbca46224b1f,mem-49fc317efc4f12be586f231a2b65607d,merch_  6,earn,300,,,300,2026-07-17 21:55:56.35265+00,
lt-58ec7ededf4bed3616f2cb8739f32f2d,mem-f3ffcc249446e5bde5a241af9ad9e60a,merch_  6,earn,200,,,500,2026-07-17 01:01:56.35265+00,
lt-59398eee945258f663a6c6fa3233310b,mem_merch_  8_drive_pro_1,merch_  8,earn,200,,offer_merch_8_1,500,2026-07-21 03:28:56.35265+00,
lt-596094ea4e5cff8c1b01af6b2c0cd659,mem_merch_  5_super_shopper_1,merch_  5,redeem,250,,offer_merch_5_1,250,2026-07-20 18:11:56.35265+00,
lt-59829533c028c312b10971e0535d1a2f,mem_merch_  8_drive_pro_1,merch_  8,redeem,250,,offer_merch_8_1,250,2026-07-20 11:47:56.35265+00,
lt-5b46930c932f317787727dba77a32839,2f3f1a71-9597-4a2f-850d-adfa2ce9a08e,4bf2fb6b-bdf3-49d3-ac1b-1e6e746c6643,earn,300,,33038b24-413c-4ef5-8db8-8629bed5830b,300,2026-07-20 23:45:56.35265+00,
lt-5ce8129ee9661360550ea8d4d45d334a,mem-27df0ea3c95f20b238b999ea9c157c09,merch_  7,redeem,250,,,250,2026-07-22 21:48:56.35265+00,
lt-5e87816d1bb2cf53384be8ba2887dd9c,mem-49fc317efc4f12be586f231a2b65607d,merch_  6,redeem,250,,,250,2026-07-20 08:29:56.35265+00,
lt-5f672bc1412b8bf8e8e3dba695ba6233,mem-ab0c31deb9b57cbc978b310c5bcf7392,merch_  9,earn,200,,,500,2026-07-21 00:06:56.35265+00,
lt-6014dda226d6f6e65beff975699cd9f4,mem_merch_  3_explorer_1,merch_  3,earn,200,,offer_merch_3_1,500,2026-07-17 07:30:56.35265+00,
lt-611c48009a779888656bad19883d7c18,44c69212-90b6-4de8-98ed-d74a12ab3013,merch_  6,earn,200,,offer_merch_6_1,500,2026-07-17 04:15:56.35265+00,
lt-6181cfff59abe7775630e4aa2c845cd5,mem-2b52f66809911c7d95ff07a3de005ada,merch_  3,earn,300,,,300,2026-07-18 11:49:56.35265+00,
lt-62e6fcce5acd8ea0dbe05414ab016689,73713194-e86f-45ae-9e9c-44d9b199ea64,4bf2fb6b-bdf3-49d3-ac1b-1e6e746c6643,redeem,250,,0804af25-39c5-467b-b395-7eb99d9543de,250,2026-07-22 11:41:56.35265+00,
lt-66de297932849cefd528e22aa804e059,mem-cc5e67de2d566c08a1aab2b21dc7ac96,4bf2fb6b-bdf3-49d3-ac1b-1e6e746c6643,earn,200,,,500,2026-07-19 08:16:56.35265+00,
lt-692222a31d3fc9285eadfe8ef0d297b4,mem-80c518dc99a2188908fb98a5e0796bed,merch_  2,earn,300,,,300,2026-07-21 17:34:56.35265+00,
lt-6aab3fdd5b7a5417c0999d6f236be6fb,mem-f9697cc4810d664d1915dc2812b6a7cb,merch_  9,earn,300,,,300,2026-07-21 22:58:56.35265+00,
lt-6bb0bf6241d3d60f3defd4880a25f9ae,mem-a0e330925e832caedad5e558181a5ebc,9f5a3fe4-f21f-4fed-beaf-67dcb9c6cffc,earn,300,,,300,2026-07-20 10:59:56.35265+00,
lt-6c6a4666f4a3de2ce72d3e0d54d4b06c,mem-25262c83327365225f36135fed87ad91,merch_  6,earn,300,,,300,2026-07-20 00:29:56.35265+00,
lt-6e16dd51ba2f01bcba745098c62a6a01,mem_merch_  4_amc_silver_1,merch_  4,earn,200,,offer_merch_4_1,500,2026-07-19 17:02:56.35265+00,
lt-6e6fc8d95fd15dfb2dbf6e92ee0693ca,mem_merch_  2_prestige_buyer_vip_1,merch_  2,earn,300,,offer_merch_2_1,300,2026-07-23 04:27:56.35265+00,
lt-6f7ee46a33f0c62d339de51f6425ae55,mem-dee482b42443f2baca67985e1a5433fc,merch_  8,earn,300,,,300,2026-07-21 00:49:56.35265+00,
lt-6fcc79fa9b81317e03e64bbecb2d1809,mem_merch_  6_pro_athlete_1,merch_  6,earn,200,,efc9d470-af7a-421a-af5f-35e3cf969d23,500,2026-07-19 15:24:56.35265+00,
lt-6fcf27812531ede7ad52f657d21bff86,mem-b05bedb6ed3a7b966f82759856eb4b7c,merch_  8,redeem,250,,,250,2026-07-17 21:52:56.35265+00,
lt-70b2ef848c9cfa0aa848fd8ef3306241,mem-eb892d3adc43b7bc4f8cb9604cdbf8ec,merch_  1,earn,200,,,500,2026-07-18 13:20:56.35265+00,
lt-70e34ce8b48925b94bf950445c394db8,mem_merch_  9_coffee_lover_1,merch_  9,redeem,250,,offer_merch_9_1,250,2026-07-20 21:14:56.35265+00,
lt-711f7a5cfc50e980ba20d10e7924c75a,mem_merch_  1_policy_starter_1,merch_  1,earn,300,,offer_merch_1_1,300,2026-07-19 01:08:56.35265+00,
lt-72272cb4ed0993b466d4742ae5e4d4e4,mem-25262c83327365225f36135fed87ad91,merch_  6,earn,200,,,500,2026-07-17 22:42:56.35265+00,
lt-743591e75f8f388bd7b8e70b78dcffc2,mem-4f4f8c1d7defa12e603d8211399a4308,merch_  3,earn,200,,,500,2026-07-23 11:51:56.35265+00,
lt-75a8bfea5a4679b0d6082cdbeca80a3a,mem-ab0c31deb9b57cbc978b310c5bcf7392,merch_  9,redeem,250,,,250,2026-07-22 22:44:56.35265+00,
lt-789554f199f18cc367906f4d3b0b28bc,mem_merch_  4_pay-per-service_1,merch_  4,redeem,250,,offer_merch_4_1,250,2026-07-18 17:02:56.35265+00,
lt-7a805326a9b70f6da2d706fc40ee47c0,mem_merch_ 10_gold_elite_1,merch_ 10,earn,200,,offer_merch_10_1,500,2026-07-21 01:08:56.35265+00,
lt-7db265b682a4b2a9c6d4900d7b225ed0,mem_merch_  1_shield_elite_1,merch_  1,earn,200,,offer_merch_1_1,500,2026-07-19 01:49:56.35265+00,
lt-7f09af9410f3beafa739e0ef7180be59,mem-5c2dc7423a0c677e54c64500d7af5642,merch_  5,earn,200,,,500,2026-07-19 00:33:56.35265+00,
lt-86f3d8b12b5e623e9a3e863c3cf41cb4,mem-56be375883bc6ae8416dac05b3d6b6c5,merch_  4,redeem,250,,,250,2026-07-17 12:10:56.35265+00,
lt-8709aa4b2a5679c3f539e820c836dbb7,mem-12edd4e3a8858bd4db960380b29b3724,merch_  3,earn,200,,,500,2026-07-19 10:43:56.35265+00,
lt-880bcc5ab46ccb06855bf4a11d9e1af3,mem_merch_  6_elite_champion_vip_1,merch_  6,earn,300,,efc9d470-af7a-421a-af5f-35e3cf969d23,300,2026-07-18 17:14:56.35265+00,
lt-8879ec5e1ed3776d34b130ce8c76fc4d,mem_merch_  8_care_starter_1,merch_  8,redeem,250,,offer_merch_8_1,250,2026-07-18 14:04:56.35265+00,
lt-88e052600c3d161fe01036d17b944d46,mem_merch_  1_policy_starter_1,merch_  1,earn,200,,offer_merch_1_1,500,2026-07-19 02:26:56.35265+00,
lt-88e999032b7a170ccaefca25c3a4aa11,mem_merch_  7_platinum_royalty_1,merch_  7,redeem,250,,offer_merch_7_1,250,2026-07-23 08:17:56.35265+00,
lt-8a07143f703270c74a18880ad68e3ecb,mem_merch_  5_super_shopper_1,merch_  5,earn,200,,offer_merch_5_1,500,2026-07-18 19:19:56.35265+00,
lt-8ac86d6863ba84aa8efd9380825fe613,mem_merch_  4_pay-per-service_1,merch_  4,earn,200,,offer_merch_4_1,500,2026-07-18 04:23:56.35265+00,
lt-8f0f62dd3017e529c9859c6ba64c67da,mem-f9697cc4810d664d1915dc2812b6a7cb,merch_  9,redeem,250,,,250,2026-07-21 03:13:56.35265+00,
lt-8f34ba39b71982d266e075d3e590e55a,mem_merch_  6_basic_access_1,merch_  6,earn,300,,offer_merch_6_1,300,2026-07-23 05:19:56.35265+00,
lt-8f668ff78321a57ee33a7b9e5f2e7781,mem-a0e330925e832caedad5e558181a5ebc,9f5a3fe4-f21f-4fed-beaf-67dcb9c6cffc,earn,200,,,500,2026-07-23 11:43:56.35265+00,
lt-9041debb99b4f81993a0fcf377faf68c,mem-0e3b579efefa397745a21162cb940394,merch_  7,earn,300,,,300,2026-07-19 23:48:56.35265+00,
lt-913259682ac25321fb97bf6522228fb0,mem-f9697cc4810d664d1915dc2812b6a7cb,merch_  9,earn,200,,,500,2026-07-23 05:22:56.35265+00,
lt-92277619e537ee15cd8e4375cafc9f65,mem_merch_  6_basic_access_1,merch_  6,redeem,250,,offer_merch_6_1,250,2026-07-16 19:28:56.35265+00,
lt-931ef43890b943f988b73fa5ca93a57c,mem-e67d69fe2fcfd08b641a1584c8ecb623,merch_  1,earn,200,,,500,2026-07-21 09:59:56.35265+00,
lt-94331e07ef5fab93e9e41ed822f53f47,mem-12edd4e3a8858bd4db960380b29b3724,merch_  3,earn,300,,,300,2026-07-18 23:20:56.35265+00,
lt-948c866b6b7ae2f0f9564dc3e3bf06f8,mem_merch_  1_heritage_vip_1,merch_  1,earn,300,,offer_merch_1_1,300,2026-07-18 16:41:56.35265+00,
lt-94c1d59821d0b35448288fb30e31df1a,mem-5b8d4a96465c19fe045644cbb681631f,merch_  5,redeem,250,,,250,2026-07-19 23:28:56.35265+00,
lt-9561bf840b1c06ebc857da4a4afa6af6,mem-a0e330925e832caedad5e558181a5ebc,9f5a3fe4-f21f-4fed-beaf-67dcb9c6cffc,redeem,250,,,250,2026-07-17 15:54:56.35265+00,
lt-95b9106124122e136d4421e21b3e8bf4,mem_merch_  4_pay-per-service_1,merch_  4,earn,300,,offer_merch_4_1,300,2026-07-19 04:12:56.35265+00,
lt-963f2a4997ec96f35910053496e65408,mem-cb185ed34ca062a228aabd125b7e5545,merch_ 10,earn,300,,,300,2026-07-22 10:16:56.35265+00,
lt-976e638a6293233eebb6e872f0f26618,mem-fb7e86eb5589243d51fd9cf05cca630e,merch_  9,redeem,250,,,250,2026-07-22 03:28:56.35265+00,
lt-97ddc24955e820bfeeb3097bf29e40bf,mem_merch_ 10_solitaire_crown_vip_1,merch_ 10,earn,300,,offer_merch_10_1,300,2026-07-18 19:22:56.35265+00,
lt-99ca2f0591aa52ede97c09a320f332f8,mem-27df0ea3c95f20b238b999ea9c157c09,merch_  7,earn,300,,,300,2026-07-20 04:00:56.35265+00,
lt-9a270f777487fece56a49411b878f71b,mem-25262c83327365225f36135fed87ad91,merch_  6,redeem,250,,,250,2026-07-19 00:10:56.35265+00,
lt-9b2d16b1afddb6ef9a5e463b572e43b7,mem_merch_  2_prestige_buyer_vip_1,merch_  2,redeem,250,,offer_merch_2_1,250,2026-07-17 05:01:56.35265+00,
lt-9d6e46e993dc030bed94e5bbdf6cd952,mem_merch_ 10_ornament_club_1,merch_ 10,redeem,250,,offer_merch_10_1,250,2026-07-18 10:44:56.35265+00,
lt-9db335eeb01d433f7d933cece61b2622,mem-01ac1e4ead82598395e52bb04b258746,merch_  2,earn,300,,,300,2026-07-23 06:32:56.35265+00,
lt-9debbe21e5ceaee82716b88be1763e5c,mem-fb7e86eb5589243d51fd9cf05cca630e,merch_  9,earn,200,,,500,2026-07-22 18:22:56.35265+00,
lt-9e5155f4dfc6a445c2d66edf680a48a0,mem_merch_ 10_gold_elite_1,merch_ 10,redeem,250,,offer_merch_10_1,250,2026-07-22 04:29:56.35265+00,
lt-9e5faf79ea3e15ae28e995720567e69a,mem_merch_ 10_gold_elite_1,merch_ 10,earn,300,,offer_merch_10_1,300,2026-07-22 06:07:56.35265+00,
lt-9f0e165b04fe42c3fd419d6c97a0ee82,mem_94d50169-c4e7-4c8d-9f9d-b7e23e6ca82f_1,4bf2fb6b-bdf3-49d3-ac1b-1e6e746c6643,redeem,250,,,250,2026-07-18 23:23:56.35265+00,
lt-9f77813fdc4d5bc665439ccb2fecc959,mem_merch_  4_amc_gold_vip_1,merch_  4,redeem,250,,offer_merch_4_1,250,2026-07-23 09:54:56.35265+00,
lt-a0f0bff9a619964baa593e39a234702a,mem-62d2ea23a3559c0b1e6b157e3fc075bc,merch_  4,earn,300,,,300,2026-07-22 05:04:56.35265+00,
lt-a14929638a6e7989e97d7742244b1275,mem_merch_  3_globetrotter_1,merch_  3,earn,300,,offer_merch_3_1,300,2026-07-19 17:06:56.35265+00,
lt-a29a411c73d4f99c6cc9d2c0221003e6,mem-a8ab70a6200ce8faaec876906805a3f7,merch_  7,earn,200,,,500,2026-07-17 04:40:56.35265+00,
lt-a2de51127960b1ec7f896a3ca481009b,mem_merch_  8_shield_ceramic_vip_1,merch_  8,earn,300,,offer_merch_8_1,300,2026-07-20 09:34:56.35265+00,
lt-a327d85a6cb2a209ebbd733ffaff5dd9,9722e2ba-17b8-4020-9470-9542a01c390c,9f5a3fe4-f21f-4fed-beaf-67dcb9c6cffc,earn,300,,,300,2026-07-22 22:02:56.35265+00,
lt-a3768fe8ba5a78212d5a61fe4d7e0750,mem_merch_  2_home_owner_preferred_1,merch_  2,redeem,250,,offer_merch_2_1,250,2026-07-19 07:37:56.35265+00,
lt-a3a382e22e511ec147dea682b075c9b8,mem_merch_  5_super_shopper_1,merch_  5,earn,300,,offer_merch_5_1,300,2026-07-20 19:13:56.35265+00,
lt-a4e1230fcb1ca0bc8afb7f1e3434098c,mem_ea2bc841-f304-4a67-91db-c58ee4fa3273_1,9f5a3fe4-f21f-4fed-beaf-67dcb9c6cffc,redeem,250,,,250,2026-07-22 17:08:56.35265+00,
lt-a711a5ee753deb02c007a88e085e3438,44c69212-90b6-4de8-98ed-d74a12ab3013,merch_  6,redeem,250,,offer_merch_6_1,250,2026-07-16 21:38:56.35265+00,
lt-a9010fc44b5f8b87f1f869791fc7e021,mem-5c2dc7423a0c677e54c64500d7af5642,merch_  5,earn,300,,,300,2026-07-17 08:23:56.35265+00,
lt-a9d7d35f3bd4a8cd5ae918842170a542,9722e2ba-17b8-4020-9470-9542a01c390c,9f5a3fe4-f21f-4fed-beaf-67dcb9c6cffc,earn,200,,,500,2026-07-18 17:21:56.35265+00,
lt-aa378487222e20aadb680a6eb7ee6e0c,mem-f3ffcc249446e5bde5a241af9ad9e60a,merch_  6,redeem,250,,,250,2026-07-22 15:07:56.35265+00,
lt-b118522b35d55ff2bdb77355384590d7,mem-e67d69fe2fcfd08b641a1584c8ecb623,merch_  1,redeem,250,,,250,2026-07-16 21:07:56.35265+00,
lt-b1ed7e9ecc03b8e00cb18719aa61db69,mem_merch_  1_shield_elite_1,merch_  1,earn,300,,offer_merch_1_1,300,2026-07-19 02:07:56.35265+00,
lt-b3abda7f990446f8586bcbeb0f777294,73713194-e86f-45ae-9e9c-44d9b199ea64,4bf2fb6b-bdf3-49d3-ac1b-1e6e746c6643,earn,200,,0804af25-39c5-467b-b395-7eb99d9543de,500,2026-07-22 09:47:56.35265+00,
lt-b3cb90a6b16d9d4bb2ec25020fa298a9,mem_merch_  7_gold_luxe_1,merch_  7,earn,200,,offer_merch_7_1,500,2026-07-22 02:18:56.35265+00,
lt-b625fff1bba97214b02c14fb60be86f2,mem_merch_  9_work-from-cafe_vip_1,merch_  9,earn,300,,offer_merch_9_1,300,2026-07-20 16:31:56.35265+00,
lt-b8547b0764ad0f20e8c37a29303cc9a6,mem_merch_  4_amc_silver_1,merch_  4,redeem,250,,offer_merch_4_1,250,2026-07-17 14:46:56.35265+00,
lt-ba4c43db7645a542ab9ac9b938f960f2,mem-dafe7c867c4e002408c1850fbda2c400,merch_  1,earn,200,,,500,2026-07-21 10:16:56.35265+00,
lt-bbfa6560ca673d4c6913a780ffcffe75,mem_merch_  5_smart_saver_1,merch_  5,earn,300,,offer_merch_5_1,300,2026-07-21 19:03:56.35265+00,
lt-bf4afa1a4b4f278a8c97080daa10088b,mem_merch_  1_heritage_vip_1,merch_  1,redeem,250,,offer_merch_1_1,250,2026-07-23 15:57:56.35265+00,
lt-bfa7d02e4570ba45d9ed988b72adda44,mem_merch_  8_care_starter_1,merch_  8,earn,300,,offer_merch_8_1,300,2026-07-18 11:50:56.35265+00,
lt-c048cba7c3b9706e8d4603198b104c2e,mem_merch_  1_heritage_vip_1,merch_  1,earn,200,,offer_merch_1_1,500,2026-07-23 05:41:56.35265+00,
lt-c3ba3ee9ef3ed0dba798d5e922b7c195,mem_merch_  7_platinum_royalty_1,merch_  7,earn,300,,offer_merch_7_1,300,2026-07-17 17:24:56.35265+00,
lt-c3f4b9f33f3e4856a86e37f779f3e959,mem-2b52f66809911c7d95ff07a3de005ada,merch_  3,redeem,250,,,250,2026-07-21 09:04:56.35265+00,
lt-c43a63ba776a7b243af2e95f06777b52,mem-dee482b42443f2baca67985e1a5433fc,merch_  8,earn,200,,,500,2026-07-17 18:42:56.35265+00,
lt-c4f8f273480372e1f4ee4195278b697c,mem_merch_  5_vip_family_club_1,merch_  5,earn,300,,offer_merch_5_1,300,2026-07-20 01:55:56.35265+00,
lt-c525b4dbad2ceafbe46b385d1ce60b4c,mem_merch_  2_home_owner_preferred_1,merch_  2,earn,300,,offer_merch_2_1,300,2026-07-16 23:57:56.35265+00,
lt-c660a940b8ec89d98c0769ac4f2f2dc8,mem-cb185ed34ca062a228aabd125b7e5545,merch_ 10,earn,200,,,500,2026-07-20 10:14:56.35265+00,
lt-c6ebbf3ff7a45daa522ba012393e125a,mem_merch_  6_elite_champion_vip_1,merch_  6,redeem,250,,efc9d470-af7a-421a-af5f-35e3cf969d23,250,2026-07-22 23:55:56.35265+00,
lt-c861b38e8d332e9d145a8b36d3a3fbb2,mem-62d2ea23a3559c0b1e6b157e3fc075bc,merch_  4,earn,200,,,500,2026-07-19 01:38:56.35265+00,
lt-c994c2cad99a5fcc227bbcd16a683e08,mem_merch_  3_globetrotter_1,merch_  3,earn,200,,offer_merch_3_1,500,2026-07-20 11:35:56.35265+00,
lt-cbec0034d3aaf73d633f86ae3fb1767a,mem-cc5e67de2d566c08a1aab2b21dc7ac96,4bf2fb6b-bdf3-49d3-ac1b-1e6e746c6643,redeem,250,,,250,2026-07-18 16:44:56.35265+00,
lt-cca66f0f88998433e7e50b11ebc60d62,mem_merch_  2_resident_member_1,merch_  2,earn,300,,offer_merch_2_1,300,2026-07-19 07:10:56.35265+00,
lt-ce513f4785804b7353d644345b3823b8,mem-98d874e771a317826afc2643d80fac79,merch_  8,earn,300,,,300,2026-07-22 02:57:56.35265+00,
lt-ceec247068ed3b269cbdc8936a8063b5,mem-dafe7c867c4e002408c1850fbda2c400,merch_  1,redeem,250,,,250,2026-07-21 15:10:56.35265+00,
lt-cf011beb881862137f385c3ab955d501,mem_merch_  7_silver_beauty_1,merch_  7,earn,200,,offer_merch_7_1,500,2026-07-22 14:35:56.35265+00,
lt-d04f232d58ac960bc237d42e9dbce409,mem-98d874e771a317826afc2643d80fac79,merch_  8,earn,200,,,500,2026-07-20 13:32:56.35265+00,
lt-d18fb0ba5f06d51b8afc0d470194fd4a,mem_merch_  2_resident_member_1,merch_  2,earn,200,,offer_merch_2_1,500,2026-07-22 08:35:56.35265+00,
lt-d1bb08ef01cfe9af97466195331cb1b2,2f3f1a71-9597-4a2f-850d-adfa2ce9a08e,4bf2fb6b-bdf3-49d3-ac1b-1e6e746c6643,redeem,250,,33038b24-413c-4ef5-8db8-8629bed5830b,250,2026-07-19 15:03:56.35265+00,
lt-d215a1ce0382016db27c86b0e4160758,mem_merch_  4_amc_silver_1,merch_  4,earn,300,,offer_merch_4_1,300,2026-07-21 09:35:56.35265+00,
lt-d24254ac7954032cbe44d05b1d945c15,mem-5c2dc7423a0c677e54c64500d7af5642,merch_  5,redeem,250,,,250,2026-07-21 16:35:56.35265+00,
lt-d252655ee8c2667dae0f24a5c08af470,mem-eb892d3adc43b7bc4f8cb9604cdbf8ec,merch_  1,earn,300,,,300,2026-07-19 23:06:56.35265+00,
lt-d32ec4a202ac619697bbc6d5e492dfad,mem-80c518dc99a2188908fb98a5e0796bed,merch_  2,redeem,250,,,250,2026-07-22 10:18:56.35265+00,
lt-d551a331630637856506f25ac37354c5,mem_merch_ 10_ornament_club_1,merch_ 10,earn,200,,offer_merch_10_1,500,2026-07-17 03:58:56.35265+00,
lt-d78f840ba40de18f2e4c132ee6d960c5,mem_merch_  3_explorer_1,merch_  3,earn,300,,offer_merch_3_1,300,2026-07-20 05:12:56.35265+00,
lt-d803a7eb61746d784ef3db6857c93f53,mem_merch_  7_gold_luxe_1,merch_  7,redeem,250,,offer_merch_7_1,250,2026-07-21 02:00:56.35265+00,
lt-dc389b2916d02937aaea71f19fa26cfd,mem_merch_  7_silver_beauty_1,merch_  7,redeem,250,,offer_merch_7_1,250,2026-07-23 03:08:56.35265+00,
lt-dcc7f70e448d826635c795f7bf89ec8d,mem_merch_  8_shield_ceramic_vip_1,merch_  8,redeem,250,,offer_merch_8_1,250,2026-07-17 20:42:56.35265+00,
lt-ddadfe931bb6cddc4aee87b8a5e336cc,mem-01ac1e4ead82598395e52bb04b258746,merch_  2,earn,200,,,500,2026-07-22 21:09:56.35265+00,
lt-ddb9e29add0e34b4647de5591d9ac38d,mem-1b6a1e36581fbdfc52c6a135974e1675,merch_  5,earn,300,,,300,2026-07-18 03:36:56.35265+00,
lt-de255ef02fc0ad465388a776dcda5139,mem_merch_  1_shield_elite_1,merch_  1,redeem,250,,offer_merch_1_1,250,2026-07-22 06:30:56.35265+00,
lt-e174f1b521f9f769b56fa4ec46896195,mem_merch_  2_prestige_buyer_vip_1,merch_  2,earn,200,,offer_merch_2_1,500,2026-07-17 09:53:56.35265+00,
lt-e187321b9ec1c15adf2dc94957e63f71,mem-62d2ea23a3559c0b1e6b157e3fc075bc,merch_  4,redeem,250,,,250,2026-07-19 00:31:56.35265+00,
lt-e3a543c4b429060c574819d919838fd8,mem-6664df069dbbf8741f98bf986444a3f0,merch_ 10,earn,300,,,300,2026-07-17 00:29:56.35265+00,
lt-e44daae8c58d6c6ce777423889dd1199,mem_merch_  8_shield_ceramic_vip_1,merch_  8,earn,200,,offer_merch_8_1,500,2026-07-21 16:39:56.35265+00,
lt-e48a8660b5f8b9ec39247accc80a2c3e,mem-ab0c31deb9b57cbc978b310c5bcf7392,merch_  9,earn,300,,,300,2026-07-16 22:48:56.35265+00,
lt-e8a5c32f1fb0c3199cf17064eb27712b,mem-35edcb7d4107bdd2dcc77e64e9e1d85b,merch_ 10,earn,200,,,500,2026-07-22 19:57:56.35265+00,
lt-e983ed0aa5793b2a8c5d34f422ebca33,9722e2ba-17b8-4020-9470-9542a01c390c,9f5a3fe4-f21f-4fed-beaf-67dcb9c6cffc,redeem,250,,,250,2026-07-18 23:14:56.35265+00,
lt-ec98d59504431e4d1585cba2e267349a,mem_merch_  7_platinum_royalty_1,merch_  7,earn,200,,offer_merch_7_1,500,2026-07-21 08:09:56.35265+00,
lt-ed7af3c18f848a7e9ba9ebe9af0b8433,mem_merch_  9_work-from-cafe_vip_1,merch_  9,redeem,250,,offer_merch_9_1,250,2026-07-17 15:22:56.35265+00,
lt-eed5630e035dfb464400d380c8d97290,mem-6664df069dbbf8741f98bf986444a3f0,merch_ 10,redeem,250,,,250,2026-07-20 16:00:56.35265+00,
lt-f130714e2e8ef04dec42b1ebccbb5a9c,mem-f3ffcc249446e5bde5a241af9ad9e60a,merch_  6,earn,300,,,300,2026-07-21 18:17:56.35265+00,
lt-f1e5df9d65500386389aa94f373db9a8,mem_merch_  4_amc_gold_vip_1,merch_  4,earn,200,,offer_merch_4_1,500,2026-07-18 20:20:56.35265+00,
lt-f39b4656afa86e27e5dfd0703c6db947,mem-1b6a1e36581fbdfc52c6a135974e1675,merch_  5,redeem,250,,,250,2026-07-20 21:16:56.35265+00,
lt-f45ce88017735f516b8b252d2758ad8a,mem_merch_  2_home_owner_preferred_1,merch_  2,earn,200,,offer_merch_2_1,500,2026-07-19 08:42:56.35265+00,
lt-f5025d2a307b4a721a8e45e5da16e852,mem-a8ab70a6200ce8faaec876906805a3f7,merch_  7,earn,300,,,300,2026-07-23 16:03:56.35265+00,
lt-f5a1de8da61fded040ea06ef4d4d1c9c,mem-4f4737a85a664b67dec607c19edaff06,merch_  4,redeem,250,,,250,2026-07-21 03:53:56.35265+00,
lt-fa8641d78d2872bfef43fbf2ad4e7a79,mem_merch_  5_vip_family_club_1,merch_  5,earn,200,,offer_merch_5_1,500,2026-07-20 06:15:56.35265+00,
lt-fe63b10ed04a188b1cf654217d2e07de,mem-2b52f66809911c7d95ff07a3de005ada,merch_  3,earn,200,,,500,2026-07-22 00:06:56.35265+00,
lt-ff134bbb3afe7db00ac8ee55ec2d4861,mem-b05bedb6ed3a7b966f82759856eb4b7c,merch_  8,earn,300,,,300,2026-07-22 00:44:56.35265+00,