id,member_id,offer_template_id,remaining_qty,initial_qty,status
00eaf65d-4470-4194-9dd2-262b65806ab3,a52b28f6-d5a3-4f37-b120-cba038e8f519,8d1ccc3c-6a1f-4a32-918b-e5881fde9d41,1,1,active
01dbd9ed-ad45-4f56-adf0-d5e7cb6eb327,5badbcd9-57a8-4bcd-80f9-6b93f55e604b,f8b6a9ca-b6f9-46fd-b3b9-d259908d9cf1,50,50,active
063f43ce-e4ac-4a53-a9e5-7cc3c0f96c01,ea24353b-ca00-4a9a-8eed-d453778e7438,0b5dc05d-d782-470e-bfca-49aaa265d8f4,5,5,active
069963cd-2b69-4f66-adc8-7f62bf033be7,852f7899-d75f-4635-a45c-b7fed92792e1,d795909c-a05b-4532-a8e7-953f3a140a76,1,1,active
069fd0ab-b28c-4103-becf-39c9be682a58,73e3a972-bf6b-49be-abff-a19f577a3e61,61fe464d-6a30-40cc-a6b0-30d147434623,11,12,active
07831574-983f-44ae-8b61-6b1be6df8d07,4a874991-4043-4331-a167-f719edb90d12,72e894af-e8ab-4402-ac09-244fd38b585d,1,1,active
07c148df-c674-45c0-b6c0-47a3d6adbb27,mem-25262c83327365225f36135fed87ad91,offer_merch_6_1,10,10,active
09227f07-2918-4de8-bea1-c2cab1db0d7a,mem_merch_  7_platinum_royalty_1,offer_merch_7_3,10,10,active
096c0b17-4d49-47ba-9ec2-8a0399f863c7,73713194-e86f-45ae-9e9c-44d9b199ea64,33038b24-413c-4ef5-8db8-8629bed5830b,1,1,active
096e0233-7fe4-4907-9b01-122bf80a8b87,mem_merch_  6_elite_champion_vip_1,b9a41c2a-c0f8-4e74-be4d-361b0179c715,5,5,active
0976069d-b65f-4646-a535-aa22fd7bf012,577814cd-30ad-4726-8a6a-b1929ed79b21,16524f33-2048-40bb-a168-d1c92d0d7bed,11,12,active
0b849f2f-896d-4b9b-86b4-a1c1b079afdf,734abd4e-cdbc-4eea-ac93-50d0e37b3c97,5a18eb92-3d38-4dcf-a119-1d54a5378cb9,5,5,active
0be6b455-d23b-4364-a166-7b7dc9e1dff3,mem_merch_  6_elite_champion_vip_1,offer_merch_6_2,,,active
0bf1836e-1ed9-41ae-bdcd-c9637de85083,c709d17f-6996-4b39-ad84-0e7daf04e46f,ac33198b-6199-4bc4-a33d-0217dd274929,1,1,active
0db4534c-55a2-434b-b25d-86ebfe2a2cd8,6be014a0-2ff9-4034-bdfd-f7540c37eec7,4b67bcaa-ca6c-4abf-b213-1d873ec8fbf9,,,active
0eb1be20-bd3a-45e7-918e-f05dd61b9a4e,mem-ab0c31deb9b57cbc978b310c5bcf7392,offer_merch_9_2,9,10,active
0f1d700c-98c7-4f79-8d73-f9d6caa08c12,577814cd-30ad-4726-8a6a-b1929ed79b21,8a4abcda-113d-45f6-a62b-5a4abdb2d526,,,active
0f6051ca-a9dc-43ff-9570-3b9bb7bb96a6,e7ad0bde-6849-4da0-996a-f7ab60f4ae3f,0b5dc05d-d782-470e-bfca-49aaa265d8f4,5,5,active
1076df6d-1961-45f6-a60e-c289894e925a,e613d0f0-31a6-4cb2-91cf-56a6b0e58dac,dd2e6124-bf53-436a-a16c-0e241e0393e0,1,1,active
10e55233-cf0f-4d4d-a811-5e1b80738d1c,ba0ba1d2-55e3-40e6-b88e-ad5db9a2c39d,b99345d2-d107-490b-b238-a448df053cb7,1,1,active
1182f55d-753c-4c94-bc4a-460d4d55cdb2,a52b28f6-d5a3-4f37-b120-cba038e8f519,16524f33-2048-40bb-a168-d1c92d0d7bed,12,12,active
11e222de-ca37-4233-99c1-33781109f95c,0c64d686-792e-4d25-bfe7-8f14632a9e0f,d795909c-a05b-4532-a8e7-953f3a140a76,1,1,active
1201a1aa-5988-461c-a0ad-0e64962345bc,mem_merch_  7_gold_luxe_1,offer_merch_7_3,10,10,active
13fc4338-b8db-4a9a-96f2-e3e01726ce21,e613d0f0-31a6-4cb2-91cf-56a6b0e58dac,96e2055a-11b9-41d8-801b-7af310605692,11,12,active
1480a5cd-4100-4a29-99dd-76be70225f36,5b85512e-ffc9-4b9a-9690-7f0752f41560,ac33198b-6199-4bc4-a33d-0217dd274929,1,1,active
153971fd-e3f9-46b0-9ae9-5be9db65c1ab,7b6c1f61-6a6d-4b9b-bc3a-2a016c672235,offer_merch_6_4,10,10,active
15b62755-1128-43c9-88c7-bbb457975234,7b6c1f61-6a6d-4b9b-bc3a-2a016c672235,offer_merch_6_1,10,10,active
15cb2e1c-e767-49ce-8be4-cb49730932b8,6be014a0-2ff9-4034-bdfd-f7540c37eec7,72e894af-e8ab-4402-ac09-244fd38b585d,1,1,active
168fc5fc-2aa7-476a-b862-1858088c9061,5b85512e-ffc9-4b9a-9690-7f0752f41560,ca64a6bf-23e1-4c70-be3c-e7c82ab63823,1,1,active
1692bdaf-fbf6-4e35-983e-24b5e6a4feec,355949f5-7084-4327-affa-41bb11601bbf,5a18eb92-3d38-4dcf-a119-1d54a5378cb9,5,5,active
1707031d-d455-4175-86c0-09d9352dfdcb,c709d17f-6996-4b39-ad84-0e7daf04e46f,36805043-8827-4e07-88a9-3258eab6e5d2,100,100,active
172d5bd4-460e-44c3-a488-2ad206ba638d,f055ee36-af9b-4800-87fa-0d71136c506f,0b5dc05d-d782-470e-bfca-49aaa265d8f4,5,5,active
17b13704-96b2-4d57-bda9-bf1a51c949b7,7c076254-aae9-4646-a6bf-e75f0cf6ba76,ce8f2ba6-1451-4114-8495-c2a0f5a37982,50,50,active
17ccf0ed-81e0-4926-b99d-603d33065db0,e2738d24-6324-4754-92e6-1d7e44c0d19f,offer_merch_6_2,10,10,active
18151b1c-5a0d-4e6c-920c-2b80529a205c,e2738d24-6324-4754-92e6-1d7e44c0d19f,b4b1b832-9a45-4c6b-ba29-d36b6eee51c3,,,active
1854a793-8092-40ef-b362-70fbe2ce0c49,73e3a972-bf6b-49be-abff-a19f577a3e61,07e2aacd-6eb5-42c5-9c28-8b7c45a1549c,6,6,active
198793c4-a198-4ecc-bc01-6a522150f7be,2ec018f6-2253-4599-bfea-46837c739e58,c3bdef43-cf6a-4e3f-aa61-a2f9aaca7acc,,,active
1b1d6574-b18f-4baa-b762-367c226dd68b,7c076254-aae9-4646-a6bf-e75f0cf6ba76,dafb0c05-264d-4e2c-9eb0-b33e49fa6c3d,1,1,active
1cd5bbe9-dd09-47bd-bb36-4e683aa24e0a,7b6c1f61-6a6d-4b9b-bc3a-2a016c672235,efc9d470-af7a-421a-af5f-35e3cf969d23,,,active
1cd6e186-a97f-4c3c-8db9-e7ef21368fa3,f0b72070-4f39-4fa1-9231-a379d39c66fa,ca64a6bf-23e1-4c70-be3c-e7c82ab63823,1,1,active
1dceef17-9634-49db-929a-fc440f24c3dc,dbf585f9-4d67-4e05-b632-0b0ff60e0992,0b5dc05d-d782-470e-bfca-49aaa265d8f4,5,5,active
1de16e40-41dc-416f-ba7e-e9d00b7e8978,f055ee36-af9b-4800-87fa-0d71136c506f,4c03d894-30b6-4626-a4e7-9f66d5c8e398,5,5,active
1e9b560d-d078-4d21-86aa-910b0fef964e,577814cd-30ad-4726-8a6a-b1929ed79b21,9f0cc0e3-1218-429a-874d-8993a7c3851b,3,3,active
1fd09e65-bc22-440a-a56e-54df04edea4b,b085a570-6937-4153-92ef-df914428c990,b99345d2-d107-490b-b238-a448df053cb7,1,1,active
201a10d3-6202-4a30-beec-e9904eec33d5,852f7899-d75f-4635-a45c-b7fed92792e1,8eafbc19-2dbd-4f7a-be0e-900733c15e1c,1,1,active
20667a87-5689-4717-a8c3-5a1630d6e21b,mem-25262c83327365225f36135fed87ad91,b9a41c2a-c0f8-4e74-be4d-361b0179c715,5,5,active
20948a42-cadf-4567-9697-d1ae0f27d653,c709d17f-6996-4b39-ad84-0e7daf04e46f,22804e99-1ab0-4ff7-92e3-0325484ab7ac,1,1,active
20e87d9c-3957-4678-992a-55ec19e42f9c,mem-0e3b579efefa397745a21162cb940394,offer_merch_7_3,10,10,active
210f2789-e64d-45c6-9b5f-097495958286,852f7899-d75f-4635-a45c-b7fed92792e1,22804e99-1ab0-4ff7-92e3-0325484ab7ac,1,1,active
217b7b49-23b6-48b4-a380-8416395b8332,e613d0f0-31a6-4cb2-91cf-56a6b0e58dac,deb6b76f-0efa-4dcf-904c-4c9de0810e81,1,1,active
222c95a3-8072-4250-99e6-8d009fbc9150,a9d82860-546d-466a-bb59-fbeece94ed7a,8eafbc19-2dbd-4f7a-be0e-900733c15e1c,1,1,active
229be086-400c-49f7-8e88-d7f3c272e077,mem_merch_  7_gold_luxe_1,offer_merch_7_4,10,10,active
2472e932-5d2d-4c3a-8ab5-18e3fb6a2720,e613d0f0-31a6-4cb2-91cf-56a6b0e58dac,4b67bcaa-ca6c-4abf-b213-1d873ec8fbf9,,,active
248d484f-c17e-4f99-975b-3c62b0a7bd23,5badbcd9-57a8-4bcd-80f9-6b93f55e604b,9f0cc0e3-1218-429a-874d-8993a7c3851b,3,3,active
25d72d46-57b0-4949-bf20-9f8a4eb09fb8,mem-35edcb7d4107bdd2dcc77e64e9e1d85b,offer_merch_10_3,10,10,active
26025dfc-257a-43f8-810e-96498de03f8c,734abd4e-cdbc-4eea-ac93-50d0e37b3c97,0b5dc05d-d782-470e-bfca-49aaa265d8f4,5,5,active
26aadbc5-0f3f-4dc4-ab25-1514d240aa42,mem-f9697cc4810d664d1915dc2812b6a7cb,offer_merch_9_4,10,10,active
28303836-5b94-4e0f-b105-fe20a38d0e06,ba0ba1d2-55e3-40e6-b88e-ad5db9a2c39d,ca64a6bf-23e1-4c70-be3c-e7c82ab63823,1,1,active
2842ff26-7b02-42b4-9e26-a6ab77785a38,mem_merch_ 10_ornament_club_1,offer_merch_10_4,10,10,active
28639db9-20ae-4659-9725-f725d5a40d49,852f7899-d75f-4635-a45c-b7fed92792e1,d33e865b-6f54-4c4d-91df-fa7e51718bc5,10,10,active
287948c3-b790-4def-91e8-3b5eb46643c9,64a57df1-f643-48ae-a76b-a2bcc0804756,offer_merch_6_4,10,10,active
291a52dc-555f-416a-a1fc-83268ffff5eb,a52b28f6-d5a3-4f37-b120-cba038e8f519,8a4abcda-113d-45f6-a62b-5a4abdb2d526,,,active
298ebb68-bcdc-454e-bbf3-15de5b646b1b,mem-0e3b579efefa397745a21162cb940394,offer_merch_7_2,10,10,active
2a68f567-4b4b-4162-bf4e-e243ca7fb834,ba0ba1d2-55e3-40e6-b88e-ad5db9a2c39d,8eafbc19-2dbd-4f7a-be0e-900733c15e1c,1,1,active
2ace0470-9749-47ef-bb27-ed2bebe29d04,6be014a0-2ff9-4034-bdfd-f7540c37eec7,16524f33-2048-40bb-a168-d1c92d0d7bed,12,12,active
2bc7328d-af9e-4679-b4d0-accf86b15c72,c709d17f-6996-4b39-ad84-0e7daf04e46f,d33e865b-6f54-4c4d-91df-fa7e51718bc5,10,10,active
2beed5df-e3bd-4d0e-8161-3ce0e9b203e3,mem-0e3b579efefa397745a21162cb940394,offer_merch_7_4,10,10,active
2c77933c-d2a4-4d52-9fcd-c0f195cff3e8,64a57df1-f643-48ae-a76b-a2bcc0804756,offer_merch_6_1,10,10,active
2cd28cb9-7ce4-4afb-9b0b-c417af33da9c,a52b28f6-d5a3-4f37-b120-cba038e8f519,f8b6a9ca-b6f9-46fd-b3b9-d259908d9cf1,50,50,active
2d5b9b91-1db8-4e9c-877b-48daa09b28ad,mem-38d9f52d770d33cbcdeb1ce7ed89b9fc,offer_merch_2_2,10,10,active
2ebd9ee1-62f4-44be-8aed-69bfe3e28b12,b085a570-6937-4153-92ef-df914428c990,75b1e665-1193-4e67-9cac-069097c9a061,1,1,active
2ec4abee-664c-4c8d-8d1f-800eb15ff744,mem-35edcb7d4107bdd2dcc77e64e9e1d85b,offer_merch_10_2,9,10,active
2ed26452-566b-46ed-994e-d5995f0e1ec3,ba0ba1d2-55e3-40e6-b88e-ad5db9a2c39d,d795909c-a05b-4532-a8e7-953f3a140a76,1,1,active
31043dca-3304-42cf-a97c-c04a623b4fea,1c40355f-1b0e-4f7d-b533-02a0c0bbf62d,d795909c-a05b-4532-a8e7-953f3a140a76,1,1,active
314c8fa6-96da-4397-a621-9b40fc59530f,f055ee36-af9b-4800-87fa-0d71136c506f,c3bdef43-cf6a-4e3f-aa61-a2f9aaca7acc,,,active
33692595-f8ba-4794-9340-945272b93bc9,mem-25262c83327365225f36135fed87ad91,b4b1b832-9a45-4c6b-ba29-d36b6eee51c3,,,active
3411795b-b84b-43b4-8d5f-a3f134981c6e,mem_merch_  6_pro_athlete_1,b9a41c2a-c0f8-4e74-be4d-361b0179c715,5,5,active
34687b56-0bf9-43b9-aba0-e2a53d37899c,mem-f3ffcc249446e5bde5a241af9ad9e60a,efc9d470-af7a-421a-af5f-35e3cf969d23,,,active
3509c35e-7b5a-488a-955b-6b81a8a4fd95,mem-grm-1,off-grm-1,,,active
36ac3abd-3895-4eaf-b64c-652c53dcee99,dbf585f9-4d67-4e05-b632-0b0ff60e0992,5a18eb92-3d38-4dcf-a119-1d54a5378cb9,5,5,active
377b8c26-3485-4c9b-8951-815f118a5176,5badbcd9-57a8-4bcd-80f9-6b93f55e604b,4b67bcaa-ca6c-4abf-b213-1d873ec8fbf9,,,active
37af2992-32b4-465b-974d-376cc7e33455,73e3a972-bf6b-49be-abff-a19f577a3e61,4b67bcaa-ca6c-4abf-b213-1d873ec8fbf9,,,active
38512813-9d1d-494f-9325-ecbc2ef5b83c,mem-f9697cc4810d664d1915dc2812b6a7cb,offer_merch_9_2,10,10,active
38cd9192-525e-4869-9c95-3ef3d75a6e39,b085a570-6937-4153-92ef-df914428c990,ca64a6bf-23e1-4c70-be3c-e7c82ab63823,1,1,active
3a025345-7a51-4d96-8426-f7c0ca86ee92,mem-27df0ea3c95f20b238b999ea9c157c09,offer_merch_7_2,10,10,active
3a4eb28b-9b73-497d-9ccf-b65090f4e852,a9d82860-546d-466a-bb59-fbeece94ed7a,75b1e665-1193-4e67-9cac-069097c9a061,1,1,active
3a5bae77-e47d-4065-a57b-0b7f431e4d5a,0010c976-8d21-4769-a2e4-12c4960adc01,4b67bcaa-ca6c-4abf-b213-1d873ec8fbf9,,,active
3b039c1f-c24e-4c75-aea6-b6378254b4de,a52b28f6-d5a3-4f37-b120-cba038e8f519,9f0cc0e3-1218-429a-874d-8993a7c3851b,3,3,active
3b130eb0-332d-49c2-afe9-4d6be18ba007,30d516ea-5f2c-4aee-b6f7-3365b963c288,ab248ae6-dec1-40d4-9563-26f023313a4a,1,1,active
3c0b82ad-1729-4667-9896-16ac9bc0ad29,5badbcd9-57a8-4bcd-80f9-6b93f55e604b,3ec65c04-dc71-4345-b27a-74511b1016e1,1,1,active
3c72d1ff-8c78-4789-b1b0-d851e03ffa64,e2738d24-6324-4754-92e6-1d7e44c0d19f,offer_merch_6_3,10,10,active
3cc8c331-1e17-47d7-81af-7fc5d023cb76,mem-35edcb7d4107bdd2dcc77e64e9e1d85b,offer_merch_10_4,10,10,active
3cd4fac6-61ee-4346-8868-24a693d9b180,5b85512e-ffc9-4b9a-9690-7f0752f41560,ab248ae6-dec1-40d4-9563-26f023313a4a,1,1,active
3d0d6e44-d14d-499e-b981-e467e57131fb,b085a570-6937-4153-92ef-df914428c990,ac33198b-6199-4bc4-a33d-0217dd274929,1,1,active
3d48c7f4-343c-4452-864c-434233d76709,220dc66e-7304-41d7-b709-552095df8f53,offer_merch_7_3,10,10,active
3e92c4c6-3987-41ea-a856-0915c2fb23cb,5b85512e-ffc9-4b9a-9690-7f0752f41560,22804e99-1ab0-4ff7-92e3-0325484ab7ac,1,1,active
40c466ca-67be-46eb-ad60-8490808a6671,mem-f9697cc4810d664d1915dc2812b6a7cb,offer_merch_9_1,,,active
40d1f7ba-7209-4234-a31d-0f15f8a1ad77,918c0b0d-5b39-4c44-ae23-49f4c7c8037b,4b67bcaa-ca6c-4abf-b213-1d873ec8fbf9,,,active
41c8a375-d36b-4dab-b94b-32f9e02f7edb,5b85512e-ffc9-4b9a-9690-7f0752f41560,36805043-8827-4e07-88a9-3258eab6e5d2,100,100,active
423a2518-0d06-4ffd-83c3-8475c56ea225,5badbcd9-57a8-4bcd-80f9-6b93f55e604b,72e894af-e8ab-4402-ac09-244fd38b585d,1,1,active
43ff44aa-5725-439a-b70c-51b3e3f3b601,0c64d686-792e-4d25-bfe7-8f14632a9e0f,d33e865b-6f54-4c4d-91df-fa7e51718bc5,10,10,active
4406f2fa-c8c0-4d64-a5cd-a0b88b8a8762,734abd4e-cdbc-4eea-ac93-50d0e37b3c97,c3bdef43-cf6a-4e3f-aa61-a2f9aaca7acc,,,active
44d059f2-d479-412c-9c63-b1f458d674bb,5b85512e-ffc9-4b9a-9690-7f0752f41560,75b1e665-1193-4e67-9cac-069097c9a061,1,1,active
45842cb2-098e-44e3-b28b-7118c9603bd8,73e3a972-bf6b-49be-abff-a19f577a3e61,83f0d938-53dd-4081-be74-2562bf66f571,1,1,active
46a067c6-7398-4411-a517-4a2543931ab6,c709d17f-6996-4b39-ad84-0e7daf04e46f,ab248ae6-dec1-40d4-9563-26f023313a4a,1,1,active
472681f6-eeb5-46f6-a249-a5c9b0127908,mem-27df0ea3c95f20b238b999ea9c157c09,offer_merch_7_1,10,10,active
47584c62-c954-4084-a0d9-a77b39666bc5,dbf585f9-4d67-4e05-b632-0b0ff60e0992,4c03d894-30b6-4626-a4e7-9f66d5c8e398,5,5,active
4770fe82-d4f2-4b94-b235-a6867d756190,e613d0f0-31a6-4cb2-91cf-56a6b0e58dac,89a17870-d160-4ba0-90ca-703c32b41326,1,1,active
478d6c3b-2908-4ee9-9f1c-e0bd2ff835bf,c709d17f-6996-4b39-ad84-0e7daf04e46f,8eafbc19-2dbd-4f7a-be0e-900733c15e1c,1,1,active
47952767-3ee9-4ace-9cb2-396bdac5a5e0,7c076254-aae9-4646-a6bf-e75f0cf6ba76,1b72bba2-a877-43e7-932d-b5602c3b4f00,1,1,active
47aa5710-30bd-4eb3-9c96-380c75d48f3c,7c076254-aae9-4646-a6bf-e75f0cf6ba76,a2e021c3-86fb-4bda-8844-1c0953058532,1,1,active
47cc83cf-5cdd-4573-8221-943917f92b5c,mem-49fc317efc4f12be586f231a2b65607d,efc9d470-af7a-421a-af5f-35e3cf969d23,,,active
4830e3a1-0454-4db3-afa4-524576beddf4,30d516ea-5f2c-4aee-b6f7-3365b963c288,ca64a6bf-23e1-4c70-be3c-e7c82ab63823,1,1,active
49ea8045-9253-4240-b9ed-e33f09937931,7c076254-aae9-4646-a6bf-e75f0cf6ba76,07e2aacd-6eb5-42c5-9c28-8b7c45a1549c,6,6,active
4da203f7-bfc3-4c8b-8685-debbe60cd6cf,0010c976-8d21-4769-a2e4-12c4960adc01,8d1ccc3c-6a1f-4a32-918b-e5881fde9d41,4,4,active
4db53060-c645-4eb3-8016-4b22607c2770,mem-49fc317efc4f12be586f231a2b65607d,b4b1b832-9a45-4c6b-ba29-d36b6eee51c3,,,active
4db96982-bac8-4bcb-828e-393565ee688a,e613d0f0-31a6-4cb2-91cf-56a6b0e58dac,0b2ef328-b81e-4024-9615-44c94b7b0236,1,1,active
4dd7a913-1df0-4d2a-95f6-07118a03eb70,a52b28f6-d5a3-4f37-b120-cba038e8f519,3ec65c04-dc71-4345-b27a-74511b1016e1,1,1,active
5050016f-0afb-4f2f-883c-801a3e434838,0c64d686-792e-4d25-bfe7-8f14632a9e0f,ac33198b-6199-4bc4-a33d-0217dd274929,1,1,active
51b90779-44fb-47b8-99d3-da6d6dbed987,1c40355f-1b0e-4f7d-b533-02a0c0bbf62d,22804e99-1ab0-4ff7-92e3-0325484ab7ac,1,1,active
526f871b-5eac-45de-b730-32493632c38e,mem-49fc317efc4f12be586f231a2b65607d,offer_merch_6_2,10,10,active
527f148b-c34f-446a-a077-869820d3478b,64a57df1-f643-48ae-a76b-a2bcc0804756,offer_merch_6_3,10,10,active
530e9fc3-428c-47c7-a6cb-b34c49fb593a,4a874991-4043-4331-a167-f719edb90d12,3ec65c04-dc71-4345-b27a-74511b1016e1,1,1,active
5379e0e6-ff71-4ed0-92c6-9f80ab79bb26,c709d17f-6996-4b39-ad84-0e7daf04e46f,b99345d2-d107-490b-b238-a448df053cb7,1,1,active
547ad87a-32c5-4252-9a00-e56b6218cf86,852f7899-d75f-4635-a45c-b7fed92792e1,75b1e665-1193-4e67-9cac-069097c9a061,1,1,active
54dfab53-f874-42b0-997a-fe7ba5365eb0,mem-49fc317efc4f12be586f231a2b65607d,offer_merch_6_3,10,10,active
56f71c0b-7d72-47d3-b1d2-7db66bc21a3c,mem-38d9f52d770d33cbcdeb1ce7ed89b9fc,offer_merch_2_4,10,10,active
57a320d2-4d79-4210-939c-66c411735e59,c709d17f-6996-4b39-ad84-0e7daf04e46f,75b1e665-1193-4e67-9cac-069097c9a061,1,1,active
59741dda-e5f0-4bcc-9d5a-5e2161dd259d,f0b72070-4f39-4fa1-9231-a379d39c66fa,d33e865b-6f54-4c4d-91df-fa7e51718bc5,10,10,active
59ee829a-90c4-48b6-a29a-86e257f0d35e,mem_merch_  7_platinum_royalty_1,offer_merch_7_2,10,10,active
5a1327c4-8f40-4a13-8d15-3f86bc070f9c,6be014a0-2ff9-4034-bdfd-f7540c37eec7,e9aafc93-d9bc-4599-ba85-2a56642f7ac4,1,1,active
5a27976e-394b-4486-ac3a-60ac7692a8db,0010c976-8d21-4769-a2e4-12c4960adc01,16524f33-2048-40bb-a168-d1c92d0d7bed,12,12,active
5b015de4-8d34-42f9-a324-bb73ccf12123,734abd4e-cdbc-4eea-ac93-50d0e37b3c97,4c03d894-30b6-4626-a4e7-9f66d5c8e398,5,5,active
5c9ae814-660a-480f-8a19-7b05b880f493,mem-ab0c31deb9b57cbc978b310c5bcf7392,offer_merch_9_4,10,10,active
5dc8fe4e-f9f1-4b8d-9e3c-04e42833f0f3,mem-e67d69fe2fcfd08b641a1584c8ecb623,offer_merch_1_3,10,10,active
5efce243-e853-4d25-8502-523ae23eff8f,mem_merch_  6_basic_access_1,offer_merch_6_2,10,10,active
5f020e93-af43-4fc4-91d1-aff9040a07e7,1c40355f-1b0e-4f7d-b533-02a0c0bbf62d,ca64a6bf-23e1-4c70-be3c-e7c82ab63823,1,1,active
5f152901-babc-4579-818e-2a9e445aceeb,f055ee36-af9b-4800-87fa-0d71136c506f,5a18eb92-3d38-4dcf-a119-1d54a5378cb9,5,5,active
5fd71488-2754-4d2e-b52a-2d894f30f717,73e3a972-bf6b-49be-abff-a19f577a3e61,1b72bba2-a877-43e7-932d-b5602c3b4f00,1,1,active
60c89e5e-9ea1-4340-a716-b4d44c100b00,73e3a972-bf6b-49be-abff-a19f577a3e61,eb4203c3-bcf5-4b77-ba76-81d5643ca7e5,4,4,active
611238de-606c-425c-898f-d5933d89927a,mem-e67d69fe2fcfd08b641a1584c8ecb623,offer_merch_1_4,10,10,active
61946b7b-e7cf-4022-bc6b-0eb4ae4ae605,0c64d686-792e-4d25-bfe7-8f14632a9e0f,ab248ae6-dec1-40d4-9563-26f023313a4a,1,1,active
62123455-a736-4648-85e9-fa47b8168440,f0b72070-4f39-4fa1-9231-a379d39c66fa,d795909c-a05b-4532-a8e7-953f3a140a76,1,1,active
62877c80-1cfb-49fd-acd8-dd9f688161da,1c40355f-1b0e-4f7d-b533-02a0c0bbf62d,75b1e665-1193-4e67-9cac-069097c9a061,1,1,active
62a29132-2357-42ad-9e88-9e6404431e80,918c0b0d-5b39-4c44-ae23-49f4c7c8037b,f8b6a9ca-b6f9-46fd-b3b9-d259908d9cf1,49,50,active
6364ed1c-476c-4ac1-b4e5-d924926cda8b,1c40355f-1b0e-4f7d-b533-02a0c0bbf62d,8eafbc19-2dbd-4f7a-be0e-900733c15e1c,1,1,active
648e5616-40a2-4541-ac17-5c484be023e4,918c0b0d-5b39-4c44-ae23-49f4c7c8037b,9f0cc0e3-1218-429a-874d-8993a7c3851b,3,3,active
66892d20-b9db-4058-8404-97458084452e,f0b72070-4f39-4fa1-9231-a379d39c66fa,22804e99-1ab0-4ff7-92e3-0325484ab7ac,1,1,active
675427d4-15c5-4b25-ae50-9b73a6a2396a,73e3a972-bf6b-49be-abff-a19f577a3e61,dafb0c05-264d-4e2c-9eb0-b33e49fa6c3d,1,1,active
67f99c4b-60c6-4575-b890-ff4858a54148,4a874991-4043-4331-a167-f719edb90d12,9f0cc0e3-1218-429a-874d-8993a7c3851b,3,3,active
6880f2a3-e355-47fd-b9b8-0ae7a53826b8,30d516ea-5f2c-4aee-b6f7-3365b963c288,d795909c-a05b-4532-a8e7-953f3a140a76,1,1,active
68e41945-cbc3-400c-bae0-5bad8f991dcb,af7b92b1-b55f-4cc3-a9df-e14830e81601,offer_merch_6_2,10,10,active
6a7da1c0-01a2-40d2-aa3d-803d9d605fa5,b085a570-6937-4153-92ef-df914428c990,ab248ae6-dec1-40d4-9563-26f023313a4a,1,1,active
6bd26afe-4e16-4959-8f56-6c667fb0a5b5,30d516ea-5f2c-4aee-b6f7-3365b963c288,22804e99-1ab0-4ff7-92e3-0325484ab7ac,1,1,active
6c705bee-4811-4555-858e-4736204dbb48,0c64d686-792e-4d25-bfe7-8f14632a9e0f,b99345d2-d107-490b-b238-a448df053cb7,1,1,active
6ca2dbdc-a3ff-4683-a5f8-aed015cba61b,7c076254-aae9-4646-a6bf-e75f0cf6ba76,eb4203c3-bcf5-4b77-ba76-81d5643ca7e5,4,4,active
6ee96ddf-d3c7-409f-8a4e-1dd437ed08d5,73e3a972-bf6b-49be-abff-a19f577a3e61,ce8f2ba6-1451-4114-8495-c2a0f5a37982,50,50,active
6fb5bdf4-96e6-4726-ba69-dc43f57b3a08,e613d0f0-31a6-4cb2-91cf-56a6b0e58dac,42fe604d-8bf4-434d-b3a1-8720da240398,1,1,active
6ff8c88f-55fc-4b79-8a45-6791102509d8,mem_merch_  6_basic_access_1,offer_merch_6_1,10,10,active
71007cc9-b15b-4187-8b13-5a7f7a5a2ffe,7b6c1f61-6a6d-4b9b-bc3a-2a016c672235,b4b1b832-9a45-4c6b-ba29-d36b6eee51c3,,,active
71e78765-c958-40aa-9485-89ecbdeee3ea,ba0ba1d2-55e3-40e6-b88e-ad5db9a2c39d,36805043-8827-4e07-88a9-3258eab6e5d2,100,100,active
725f9535-2b81-47a9-adfe-493f3e5a95e9,mem_merch_  9_brew_master_1,offer_merch_9_3,10,10,active
738cd297-b0ce-4c98-ab51-b4b9fe4aa802,4a874991-4043-4331-a167-f719edb90d12,16524f33-2048-40bb-a168-d1c92d0d7bed,12,12,active
739c2650-c74a-4a72-9eaf-1dc5663be9b0,mem-38d9f52d770d33cbcdeb1ce7ed89b9fc,offer_merch_2_1,10,10,active
742120e2-fe49-4a2a-bb21-f04aa7aa2cfd,e613d0f0-31a6-4cb2-91cf-56a6b0e58dac,e750c8f9-4655-4b95-a2f6-a23fe434f084,1,1,active
7430f683-6414-42ac-b916-ccedb52fc639,a9d82860-546d-466a-bb59-fbeece94ed7a,d33e865b-6f54-4c4d-91df-fa7e51718bc5,10,10,active
74361046-089a-448e-a12c-2501ac1d2f00,ea24353b-ca00-4a9a-8eed-d453778e7438,c3bdef43-cf6a-4e3f-aa61-a2f9aaca7acc,,,active
74d806da-1f2e-4c34-b828-42abba858ffc,mem-35edcb7d4107bdd2dcc77e64e9e1d85b,offer_merch_10_1,10,10,active
750909ec-4bf8-4d8b-9e7a-2718fc9c5f2a,mem-f9697cc4810d664d1915dc2812b6a7cb,offer_merch_9_3,10,10,active
754338ec-f269-469b-b568-c27a494f074b,0c64d686-792e-4d25-bfe7-8f14632a9e0f,ca64a6bf-23e1-4c70-be3c-e7c82ab63823,1,1,active
759e6bdc-655e-4ae8-9c3a-20614f477292,dbf585f9-4d67-4e05-b632-0b0ff60e0992,c3bdef43-cf6a-4e3f-aa61-a2f9aaca7acc,,,active
75bdc4ab-6da7-4f4e-ad77-5485107668b1,2ec018f6-2253-4599-bfea-46837c739e58,4c03d894-30b6-4626-a4e7-9f66d5c8e398,5,5,active
75f16df4-259d-42cb-9628-eca25b28bcaf,30d516ea-5f2c-4aee-b6f7-3365b963c288,ac33198b-6199-4bc4-a33d-0217dd274929,1,1,active
75f46c89-4d6e-4cb1-8ce1-c0a9e7482108,e7ad0bde-6849-4da0-996a-f7ab60f4ae3f,c3bdef43-cf6a-4e3f-aa61-a2f9aaca7acc,,,active
76e0cbd0-32fd-4e79-bb0d-5ecb53b4ecc0,ba0ba1d2-55e3-40e6-b88e-ad5db9a2c39d,75b1e665-1193-4e67-9cac-069097c9a061,1,1,active
77b24da1-eda4-4d22-8361-084aa6efee37,ea24353b-ca00-4a9a-8eed-d453778e7438,4c03d894-30b6-4626-a4e7-9f66d5c8e398,5,5,active
78070de5-82ee-4e6d-a02a-51bd932b6b12,7b6c1f61-6a6d-4b9b-bc3a-2a016c672235,b9a41c2a-c0f8-4e74-be4d-361b0179c715,,,active
781badb7-77d8-4a56-b539-0931c55bd1ae,30d516ea-5f2c-4aee-b6f7-3365b963c288,36805043-8827-4e07-88a9-3258eab6e5d2,100,100,active
792f4761-882e-4164-b9ac-4fbe832c0cce,f0b72070-4f39-4fa1-9231-a379d39c66fa,8eafbc19-2dbd-4f7a-be0e-900733c15e1c,1,1,active
79aa495a-d14a-41e3-92ee-6ea5ac4b8b01,e613d0f0-31a6-4cb2-91cf-56a6b0e58dac,7c621d88-1a4e-473e-aa43-7df25ca211f8,1,1,active
7b505af8-384b-4220-90ae-28aad5006e79,5b85512e-ffc9-4b9a-9690-7f0752f41560,8eafbc19-2dbd-4f7a-be0e-900733c15e1c,1,1,active
7bea0ffe-f2fe-4024-bf02-169ec2d64f84,mem-25262c83327365225f36135fed87ad91,efc9d470-af7a-421a-af5f-35e3cf969d23,1,1,active
7c7ce640-68da-4564-bdd8-4e725b2c72fb,30d516ea-5f2c-4aee-b6f7-3365b963c288,d33e865b-6f54-4c4d-91df-fa7e51718bc5,10,10,active
7e2368ee-c558-4713-8086-e3890fddc48a,af7b92b1-b55f-4cc3-a9df-e14830e81601,b4b1b832-9a45-4c6b-ba29-d36b6eee51c3,,,active
815904b5-0bd9-4da9-8753-82bb046724c0,f0b72070-4f39-4fa1-9231-a379d39c66fa,75b1e665-1193-4e67-9cac-069097c9a061,1,1,active
81c4df07-9104-4752-932a-02a0b00ec8fe,5badbcd9-57a8-4bcd-80f9-6b93f55e604b,16524f33-2048-40bb-a168-d1c92d0d7bed,12,12,active
821140e3-e0c5-46e5-8871-7d2e8cab7cf2,a9d82860-546d-466a-bb59-fbeece94ed7a,ac33198b-6199-4bc4-a33d-0217dd274929,1,1,active
83aff561-8c8b-40ae-a3b2-4a1ec37a63ce,44c69212-90b6-4de8-98ed-d74a12ab3013,efc9d470-af7a-421a-af5f-35e3cf969d23,1,1,active
850ea0de-7e09-448b-b6c0-f526c1d7575e,7c076254-aae9-4646-a6bf-e75f0cf6ba76,716d4284-a79f-4a6d-bee3-6509c8213d23,1,1,active
85e4c37f-6451-479c-a48f-ce93d4a781ab,73e3a972-bf6b-49be-abff-a19f577a3e61,92e314b3-97f0-454f-97a3-d1ab9a2b944d,1,1,active
85f3f98f-5bc2-42ce-bb44-d8bcad5fa0d1,a9d82860-546d-466a-bb59-fbeece94ed7a,22804e99-1ab0-4ff7-92e3-0325484ab7ac,1,1,active
861931eb-e371-4f43-9e05-ff1803c3c562,e2738d24-6324-4754-92e6-1d7e44c0d19f,b9a41c2a-c0f8-4e74-be4d-361b0179c715,,,active
8a0b74b5-1ce5-4524-8f1f-7c1e2f8b0080,ba0ba1d2-55e3-40e6-b88e-ad5db9a2c39d,22804e99-1ab0-4ff7-92e3-0325484ab7ac,1,1,active
8a92a278-65ac-426a-8559-4e88bfb43c8a,6be014a0-2ff9-4034-bdfd-f7540c37eec7,8a4abcda-113d-45f6-a62b-5a4abdb2d526,1,1,active
8cce29c1-c20e-493c-95a0-4a597b64c0bf,a52b28f6-d5a3-4f37-b120-cba038e8f519,4b67bcaa-ca6c-4abf-b213-1d873ec8fbf9,,,active
8d75b73d-c16d-4356-8b55-6824b462f765,b085a570-6937-4153-92ef-df914428c990,22804e99-1ab0-4ff7-92e3-0325484ab7ac,1,1,active
8ddd6da6-eeb0-4c01-9622-a3c23d55bf20,b085a570-6937-4153-92ef-df914428c990,d33e865b-6f54-4c4d-91df-fa7e51718bc5,10,10,active
8f14ed67-2e17-45ac-a242-1086ec8b3a7f,mem_merch_ 10_ornament_club_1,offer_merch_10_3,10,10,active
8f220c2f-ae1c-487d-ab55-c9a9b87f9687,852f7899-d75f-4635-a45c-b7fed92792e1,36805043-8827-4e07-88a9-3258eab6e5d2,100,100,active
8fac5ec5-29ab-4868-8853-d8b613336e63,577814cd-30ad-4726-8a6a-b1929ed79b21,72e894af-e8ab-4402-ac09-244fd38b585d,1,1,active
8fe97678-c9c2-45af-a7c3-11412a06ca37,mem-a8ab70a6200ce8faaec876906805a3f7,offer_merch_7_3,,,active
91758490-6f75-452d-9aeb-67b0105cff10,5badbcd9-57a8-4bcd-80f9-6b93f55e604b,8a4abcda-113d-45f6-a62b-5a4abdb2d526,1,1,active
91a06b96-10ee-4523-8d82-eee760527195,mem-25262c83327365225f36135fed87ad91,offer_merch_6_3,10,10,active
97c66364-6fbf-431c-9dff-f91f3addb38a,mem_merch_  7_silver_beauty_1,offer_merch_7_2,,,active
98454f2e-8b0a-44d8-8553-c17717bba890,4a874991-4043-4331-a167-f719edb90d12,4b67bcaa-ca6c-4abf-b213-1d873ec8fbf9,,,active
98cb9baf-25dd-4d90-8a3d-1bf507eb339a,mem-49fc317efc4f12be586f231a2b65607d,b9a41c2a-c0f8-4e74-be4d-361b0179c715,5,5,active
9af596c5-f6ff-4da9-a25d-fab3978fb714,4a874991-4043-4331-a167-f719edb90d12,f8b6a9ca-b6f9-46fd-b3b9-d259908d9cf1,50,50,active
9b094fd7-73b1-4021-9e8c-c99f7a186a38,918c0b0d-5b39-4c44-ae23-49f4c7c8037b,8a4abcda-113d-45f6-a62b-5a4abdb2d526,1,1,active
9c23c8dd-cd51-4fcf-b898-554edce88d46,mem-f3ffcc249446e5bde5a241af9ad9e60a,offer_merch_6_4,10,10,active
9c33a509-81a3-4e26-af07-c0c02c759f82,mem-49fc317efc4f12be586f231a2b65607d,offer_merch_6_1,10,10,active
9c980e30-007b-4751-b1ef-bfcede69e6ea,64a57df1-f643-48ae-a76b-a2bcc0804756,b4b1b832-9a45-4c6b-ba29-d36b6eee51c3,,,active
9d1cddf3-a9e0-4e28-b065-b88f6db90b18,852f7899-d75f-4635-a45c-b7fed92792e1,ac33198b-6199-4bc4-a33d-0217dd274929,1,1,active
9d62f709-df75-4155-9187-c6c622ac2cda,7b6c1f61-6a6d-4b9b-bc3a-2a016c672235,offer_merch_6_2,10,10,active
9da0eac8-14e2-4d94-9a9d-fc9fe6833dcf,0010c976-8d21-4769-a2e4-12c4960adc01,72e894af-e8ab-4402-ac09-244fd38b585d,1,1,active
9e2ae03b-1cc9-460f-be7c-c26ffaa4dc22,852f7899-d75f-4635-a45c-b7fed92792e1,b99345d2-d107-490b-b238-a448df053cb7,1,1,active
9e442058-fc7a-42fd-87e2-30434d7c3aa7,mem_merch_  6_pro_athlete_1,offer_merch_6_2,,,active
a0af8123-1200-4979-bf9c-4535d703de97,7c076254-aae9-4646-a6bf-e75f0cf6ba76,71d3fc26-a7f3-4349-8054-a197b1702f0c,1,1,active
a0b730ee-1e31-4aab-8a70-21ad604b5158,a7c1fae6-6866-4219-bf40-ecc06f71eed8,4c03d894-30b6-4626-a4e7-9f66d5c8e398,5,5,active
a2653bcb-21a0-4c5e-8096-49ea5e6a7e57,mem-ab0c31deb9b57cbc978b310c5bcf7392,offer_merch_9_1,,,active
a28fcd6c-1030-4a18-9884-9867c108f31f,7c076254-aae9-4646-a6bf-e75f0cf6ba76,61fe464d-6a30-40cc-a6b0-30d147434623,12,12,active
a2ff0375-1408-4e73-86b1-1be48e2efad8,44c69212-90b6-4de8-98ed-d74a12ab3013,b9a41c2a-c0f8-4e74-be4d-361b0179c715,5,5,active
a309964c-f9eb-4183-a618-e9d183e6b562,577814cd-30ad-4726-8a6a-b1929ed79b21,3ec65c04-dc71-4345-b27a-74511b1016e1,0,1,exhausted
a400fd55-d731-47df-9106-b2a35f02a05b,4a874991-4043-4331-a167-f719edb90d12,8d1ccc3c-6a1f-4a32-918b-e5881fde9d41,1,1,active
a42d1a99-e715-4367-ab06-9eff778566ef,918c0b0d-5b39-4c44-ae23-49f4c7c8037b,16524f33-2048-40bb-a168-d1c92d0d7bed,11,12,active
a4607d1e-76df-4c45-9b5a-320517e5ec72,2ec018f6-2253-4599-bfea-46837c739e58,0b5dc05d-d782-470e-bfca-49aaa265d8f4,5,5,active
a46be412-7f95-4191-a90a-e9cb7b2d8021,355949f5-7084-4327-affa-41bb11601bbf,c3bdef43-cf6a-4e3f-aa61-a2f9aaca7acc,,,active
a47cbaf8-c372-46c0-9457-254fa518d0d1,a9d82860-546d-466a-bb59-fbeece94ed7a,d795909c-a05b-4532-a8e7-953f3a140a76,1,1,active
a661d500-a8ee-47c6-8109-c65d7609f9bb,mem-f3ffcc249446e5bde5a241af9ad9e60a,offer_merch_6_3,10,10,active
a67e2a31-87c3-4953-b9f1-23d47ab2c6e7,f0b72070-4f39-4fa1-9231-a379d39c66fa,36805043-8827-4e07-88a9-3258eab6e5d2,100,100,active
a70479df-91ac-454b-b41b-74fa5a66205e,1c40355f-1b0e-4f7d-b533-02a0c0bbf62d,b99345d2-d107-490b-b238-a448df053cb7,1,1,active
a76a27e2-ce18-46b5-b5ad-efaf9ea10714,a7c1fae6-6866-4219-bf40-ecc06f71eed8,5a18eb92-3d38-4dcf-a119-1d54a5378cb9,4,5,active
a7d223b4-65ed-44df-b18b-1c9f7ddc72e5,2f3f1a71-9597-4a2f-850d-adfa2ce9a08e,0804af25-39c5-467b-b395-7eb99d9543de,1,1,active
a99311ed-936f-4c59-b749-24ab1cb48feb,a7c1fae6-6866-4219-bf40-ecc06f71eed8,c3bdef43-cf6a-4e3f-aa61-a2f9aaca7acc,,,active
a9bfd1e2-a74c-441a-87f8-2a58997ecc48,64a57df1-f643-48ae-a76b-a2bcc0804756,b9a41c2a-c0f8-4e74-be4d-361b0179c715,,,active
aa5470b0-55f2-408d-a007-b861e5aab00e,c709d17f-6996-4b39-ad84-0e7daf04e46f,d795909c-a05b-4532-a8e7-953f3a140a76,1,1,active
aa6653ca-c2ee-4739-ae24-2f2456b044bb,mem-27df0ea3c95f20b238b999ea9c157c09,offer_merch_7_4,10,10,active
aaac2276-f5f7-4e82-a4d1-c00b3d8567ef,6be014a0-2ff9-4034-bdfd-f7540c37eec7,f8b6a9ca-b6f9-46fd-b3b9-d259908d9cf1,50,50,active
ab44b2da-df3d-4c0a-a919-8a56c40f54ba,b085a570-6937-4153-92ef-df914428c990,d795909c-a05b-4532-a8e7-953f3a140a76,1,1,active
abecba53-65d2-4aa2-a8ff-70874538f318,mem_merch_  7_gold_luxe_1,offer_merch_7_2,10,10,active
ac632729-5484-41d7-9100-83fad6c1db4b,e613d0f0-31a6-4cb2-91cf-56a6b0e58dac,da5fec5d-ba3d-4b12-a6ad-365d52169363,50,50,active
b011da2b-275c-4fec-a891-9ba733a73af6,1c40355f-1b0e-4f7d-b533-02a0c0bbf62d,d33e865b-6f54-4c4d-91df-fa7e51718bc5,10,10,active
b046da72-86ee-47ee-8e76-d74fe1763bd0,918c0b0d-5b39-4c44-ae23-49f4c7c8037b,8d1ccc3c-6a1f-4a32-918b-e5881fde9d41,4,4,active
b1094ec3-1236-4dca-be60-09faf4997b6a,4a874991-4043-4331-a167-f719edb90d12,8a4abcda-113d-45f6-a62b-5a4abdb2d526,,,active
b32ef5ce-ec78-4061-b9ee-2a279e0f96aa,73e3a972-bf6b-49be-abff-a19f577a3e61,716d4284-a79f-4a6d-bee3-6509c8213d23,1,1,active
b4399177-60cc-4cf4-a2e5-cb2269d0e1b0,e613d0f0-31a6-4cb2-91cf-56a6b0e58dac,9ec8216f-295b-4d40-974e-0578e83e62d4,1,1,active
b4b9879f-7f70-4d0b-9b91-298a7e6d2a2e,64a57df1-f643-48ae-a76b-a2bcc0804756,efc9d470-af7a-421a-af5f-35e3cf969d23,,,active
b4c3f1a5-cf3b-4f5a-9c33-5b6c303a99cf,mem-25262c83327365225f36135fed87ad91,offer_merch_6_4,10,10,active
b6921dc9-7bc7-4555-914e-0d81795c86e9,7c076254-aae9-4646-a6bf-e75f0cf6ba76,4b67bcaa-ca6c-4abf-b213-1d873ec8fbf9,,,active
b89c5775-4f30-473d-95b4-fa85a5175555,30d516ea-5f2c-4aee-b6f7-3365b963c288,b99345d2-d107-490b-b238-a448df053cb7,1,1,active
ba73f3b3-3fce-4b8c-a03f-501a776e93cb,0c64d686-792e-4d25-bfe7-8f14632a9e0f,22804e99-1ab0-4ff7-92e3-0325484ab7ac,1,1,active
baa59881-5d19-4936-bdcd-052cd3d5670e,mem-38d9f52d770d33cbcdeb1ce7ed89b9fc,offer_merch_2_3,10,10,active
bb0960ac-d544-4c27-8e41-4b07aa909ae1,e613d0f0-31a6-4cb2-91cf-56a6b0e58dac,8a4abcda-113d-45f6-a62b-5a4abdb2d526,,,active
bb9b4165-c15c-43c4-bd32-0c779ab28479,f0b72070-4f39-4fa1-9231-a379d39c66fa,ac33198b-6199-4bc4-a33d-0217dd274929,1,1,active
bcd8a9ae-9a75-4b86-8585-63e1a6fd0b89,0010c976-8d21-4769-a2e4-12c4960adc01,8a4abcda-113d-45f6-a62b-5a4abdb2d526,1,1,active
bce7aa0d-8825-4ecc-a6c4-37b8d19eb549,7c076254-aae9-4646-a6bf-e75f0cf6ba76,92e314b3-97f0-454f-97a3-d1ab9a2b944d,1,1,active
bd6fe57b-c499-4a3c-91e9-16780b03c378,577814cd-30ad-4726-8a6a-b1929ed79b21,4b67bcaa-ca6c-4abf-b213-1d873ec8fbf9,,,active
bef6dc00-7973-4f87-8c32-368baefae252,a52b28f6-d5a3-4f37-b120-cba038e8f519,e9aafc93-d9bc-4599-ba85-2a56642f7ac4,1,1,active
bf90e34a-be8e-42d8-9699-ea9f1ce9b84d,a7c1fae6-6866-4219-bf40-ecc06f71eed8,0b5dc05d-d782-470e-bfca-49aaa265d8f4,5,5,active
c20d7e0f-6c8b-4f1a-bd07-da2fbb4e1c53,6be014a0-2ff9-4034-bdfd-f7540c37eec7,9f0cc0e3-1218-429a-874d-8993a7c3851b,3,3,active
c2b09c16-a6e1-4db3-861d-302b099cecf5,e7ad0bde-6849-4da0-996a-f7ab60f4ae3f,4c03d894-30b6-4626-a4e7-9f66d5c8e398,5,5,active
c30c9c86-d4f3-43df-a766-d39616eb25c0,mem-27df0ea3c95f20b238b999ea9c157c09,offer_merch_7_3,10,10,active
c36c255e-8ba4-4a85-a710-f57de42f847f,mem_merch_  9_brew_master_1,offer_merch_9_4,10,10,active
c3b0a0ed-a30e-4daa-8769-901110bd0cae,2ec018f6-2253-4599-bfea-46837c739e58,5a18eb92-3d38-4dcf-a119-1d54a5378cb9,5,5,active
c3f09643-cab4-4c88-9323-67abc37c9829,b085a570-6937-4153-92ef-df914428c990,8eafbc19-2dbd-4f7a-be0e-900733c15e1c,1,1,active
c52cbf65-a69f-4069-87e5-d67e244029a3,0010c976-8d21-4769-a2e4-12c4960adc01,f8b6a9ca-b6f9-46fd-b3b9-d259908d9cf1,50,50,active
c63611ed-5df9-4733-bfa7-2aea13cf3f0d,0c64d686-792e-4d25-bfe7-8f14632a9e0f,36805043-8827-4e07-88a9-3258eab6e5d2,100,100,active
c678ea5a-c34e-4e60-addb-9bc67492046d,af7b92b1-b55f-4cc3-a9df-e14830e81601,efc9d470-af7a-421a-af5f-35e3cf969d23,,,active
c767e938-0485-4fff-b7ec-241ae65dd879,b085a570-6937-4153-92ef-df914428c990,36805043-8827-4e07-88a9-3258eab6e5d2,100,100,active
c7b3dd39-6d67-4d59-bb23-7b7baef50813,44c69212-90b6-4de8-98ed-d74a12ab3013,offer_merch_6_2,10,10,active
c9c616ba-7df0-42c5-b096-0bf339e941da,918c0b0d-5b39-4c44-ae23-49f4c7c8037b,72e894af-e8ab-4402-ac09-244fd38b585d,1,1,active
ca762d90-3d51-4650-a483-1b08f271a500,mem-25262c83327365225f36135fed87ad91,offer_merch_6_2,10,10,active
cb0c26a3-2b55-4d6e-9c82-e2976f507e6c,220dc66e-7304-41d7-b709-552095df8f53,offer_merch_7_2,,,active
cc1f4853-86a5-4777-b3bf-1ea7c7ea5589,mem-e67d69fe2fcfd08b641a1584c8ecb623,offer_merch_1_2,10,10,active
cdb601a3-2be1-45b9-9b0e-51e91ac07f04,0010c976-8d21-4769-a2e4-12c4960adc01,e9aafc93-d9bc-4599-ba85-2a56642f7ac4,1,1,active
cdf646df-488e-4ae9-a21e-30be2c35cc23,1c40355f-1b0e-4f7d-b533-02a0c0bbf62d,ac33198b-6199-4bc4-a33d-0217dd274929,1,1,active
ce46e1f7-97a6-48cf-b05b-b4b53d4612c5,mem-a8ab70a6200ce8faaec876906805a3f7,offer_merch_7_2,,,active
cec549ac-889b-48eb-85b8-374776ebe3d2,73e3a972-bf6b-49be-abff-a19f577a3e61,71d3fc26-a7f3-4349-8054-a197b1702f0c,1,1,active
ceda2a07-cc94-474e-8326-9d5b5db20ddb,73e3a972-bf6b-49be-abff-a19f577a3e61,a2e021c3-86fb-4bda-8844-1c0953058532,1,1,active
cf16dd63-af0b-469b-8b6f-bf68f0d6531e,mem-f3ffcc249446e5bde5a241af9ad9e60a,offer_merch_6_2,10,10,active
d0a3bcd5-699d-42d6-94bd-9d2ef4e4666e,5b85512e-ffc9-4b9a-9690-7f0752f41560,d33e865b-6f54-4c4d-91df-fa7e51718bc5,10,10,active
d167cc90-aee9-44ab-9113-4bcdb322bb19,355949f5-7084-4327-affa-41bb11601bbf,0b5dc05d-d782-470e-bfca-49aaa265d8f4,5,5,active
d1d2c3ba-baf0-4577-a237-c4386f8ead6e,mem-ab0c31deb9b57cbc978b310c5bcf7392,offer_merch_9_3,10,10,active
d3441675-0e8f-4dca-a2dc-40b213b0cd90,5badbcd9-57a8-4bcd-80f9-6b93f55e604b,8d1ccc3c-6a1f-4a32-918b-e5881fde9d41,4,4,active
d452f5e9-b984-4d53-b7f4-9ea47fb240ce,e2738d24-6324-4754-92e6-1d7e44c0d19f,offer_merch_6_4,10,10,active
d47c94d4-ddfc-4054-868a-a75a6f71607b,e2738d24-6324-4754-92e6-1d7e44c0d19f,offer_merch_6_1,10,10,active
d51b33df-2bc0-475a-b477-a983dfa8d56a,220dc66e-7304-41d7-b709-552095df8f53,offer_merch_7_4,10,10,active
d557fb3e-062b-49ae-b361-80ab4ac81e98,a52b28f6-d5a3-4f37-b120-cba038e8f519,72e894af-e8ab-4402-ac09-244fd38b585d,1,1,active
d5af0e4d-6288-4304-b422-5a01dea26099,mem_merch_  7_platinum_royalty_1,offer_merch_7_4,10,10,active
d5b5722d-a876-4054-b50d-333e6765b6bf,577814cd-30ad-4726-8a6a-b1929ed79b21,e9aafc93-d9bc-4599-ba85-2a56642f7ac4,1,1,active
d5dd9c56-203a-4c50-9d02-bf64446810a5,mem-0e3b579efefa397745a21162cb940394,offer_merch_7_1,10,10,active
d6370c81-cdf7-4f0f-8824-c0affb65cffd,mem_merch_  7_silver_beauty_1,offer_merch_7_3,,,active
d6a27e70-21b5-4318-8b46-0af3a019da9c,mem-e67d69fe2fcfd08b641a1584c8ecb623,offer_merch_1_1,10,10,active
d709dd73-27c1-4915-9778-f695eadf5a43,e613d0f0-31a6-4cb2-91cf-56a6b0e58dac,f12a2c36-644b-4f2a-8b6c-d3f1b714f672,1,1,active
d73c3863-d82a-44fb-82ae-e6948b6792de,7b6c1f61-6a6d-4b9b-bc3a-2a016c672235,offer_merch_6_3,10,10,active
d7807d42-2323-43e9-9d92-65a4a9f6750c,e613d0f0-31a6-4cb2-91cf-56a6b0e58dac,a01b9f92-a3fa-4d77-a741-b2b4a8d93cf4,0,1,exhausted
d7d78752-9524-4080-a089-a611ccdb848e,ea24353b-ca00-4a9a-8eed-d453778e7438,5a18eb92-3d38-4dcf-a119-1d54a5378cb9,5,5,active
d8d19293-f562-46c9-853c-550b1d82991d,mem_merch_  9_brew_master_1,offer_merch_9_2,10,10,active
da67826d-f728-4e73-b029-97cbb50b6d8f,af7b92b1-b55f-4cc3-a9df-e14830e81601,b9a41c2a-c0f8-4e74-be4d-361b0179c715,,,active
daebf93a-408a-4744-a9a9-6365d239254b,mem-f3ffcc249446e5bde5a241af9ad9e60a,b9a41c2a-c0f8-4e74-be4d-361b0179c715,5,5,active
db8a0af2-83a7-4904-9184-2c64b3bd7b01,1c40355f-1b0e-4f7d-b533-02a0c0bbf62d,36805043-8827-4e07-88a9-3258eab6e5d2,100,100,active
db90f321-b407-493b-9198-88bc98a8c86f,5badbcd9-57a8-4bcd-80f9-6b93f55e604b,e9aafc93-d9bc-4599-ba85-2a56642f7ac4,1,1,active
dc2d1604-a4a6-4ba2-aef2-edd164004808,577814cd-30ad-4726-8a6a-b1929ed79b21,f8b6a9ca-b6f9-46fd-b3b9-d259908d9cf1,50,50,active
dd186278-b7e8-4d98-8a78-0c7ed6906d18,30d516ea-5f2c-4aee-b6f7-3365b963c288,8eafbc19-2dbd-4f7a-be0e-900733c15e1c,1,1,active
df527e5b-3e3c-4ed6-8915-903ef58cb5af,6be014a0-2ff9-4034-bdfd-f7540c37eec7,3ec65c04-dc71-4345-b27a-74511b1016e1,1,1,active
e0746208-40b0-4a11-9711-b9b6af54a7e5,c709d17f-6996-4b39-ad84-0e7daf04e46f,ca64a6bf-23e1-4c70-be3c-e7c82ab63823,1,1,active
e0b6e3c5-836a-4c5a-ad25-75abd9dc223d,2f3f1a71-9597-4a2f-850d-adfa2ce9a08e,33038b24-413c-4ef5-8db8-8629bed5830b,1,1,active
e17338ac-5ec4-4922-b40a-379dd76cbb4b,f0b72070-4f39-4fa1-9231-a379d39c66fa,ab248ae6-dec1-40d4-9563-26f023313a4a,1,1,active
e2179248-cc81-4f7b-93a8-c4c783f6c810,5b85512e-ffc9-4b9a-9690-7f0752f41560,d795909c-a05b-4532-a8e7-953f3a140a76,1,1,active
e28ceb12-04d7-4d9f-8cba-1a1648f0f928,af7b92b1-b55f-4cc3-a9df-e14830e81601,offer_merch_6_4,10,10,active
e2f8fba9-0c51-4f2d-9edc-fdc20da9e7d9,ba0ba1d2-55e3-40e6-b88e-ad5db9a2c39d,ac33198b-6199-4bc4-a33d-0217dd274929,1,1,active
e3771311-e232-4d4f-bd72-7807a839283a,220dc66e-7304-41d7-b709-552095df8f53,offer_merch_7_1,10,10,active
e3ab6cc8-fca7-498d-b4a4-04afeedb6d45,918c0b0d-5b39-4c44-ae23-49f4c7c8037b,e9aafc93-d9bc-4599-ba85-2a56642f7ac4,1,1,active
e4d1b16e-b68c-4f63-8428-f86accb3561f,ba0ba1d2-55e3-40e6-b88e-ad5db9a2c39d,d33e865b-6f54-4c4d-91df-fa7e51718bc5,10,10,active
e5648701-4f10-4f1f-b57b-0e5c5bdbe9ff,af7b92b1-b55f-4cc3-a9df-e14830e81601,offer_merch_6_3,10,10,active
e595663e-a5ff-4fae-8b3b-61e86597b360,e2738d24-6324-4754-92e6-1d7e44c0d19f,efc9d470-af7a-421a-af5f-35e3cf969d23,,,active
e6f0c08e-6fcd-4662-bc45-5e678c58df8a,af7b92b1-b55f-4cc3-a9df-e14830e81601,offer_merch_6_1,10,10,active
e70e19db-b98e-42dd-b4f9-5690bf9f1b77,44c69212-90b6-4de8-98ed-d74a12ab3013,b4b1b832-9a45-4c6b-ba29-d36b6eee51c3,,,active
e7707c68-2d09-442b-a588-fcf4955c7482,mem-49fc317efc4f12be586f231a2b65607d,offer_merch_6_4,10,10,active
e7ad8acf-4f64-450a-863f-be8dc7e6a335,e7ad0bde-6849-4da0-996a-f7ab60f4ae3f,5a18eb92-3d38-4dcf-a119-1d54a5378cb9,5,5,active
e7e2b3fa-a886-4531-8186-f78e8439e11d,4a874991-4043-4331-a167-f719edb90d12,e9aafc93-d9bc-4599-ba85-2a56642f7ac4,1,1,active
e85e87cd-3521-4cee-b8b6-565aac510fa6,mem_merch_  6_basic_access_1,offer_merch_6_3,10,10,active
e9767d86-8af2-4f6d-82a6-e411d969cc32,5b85512e-ffc9-4b9a-9690-7f0752f41560,b99345d2-d107-490b-b238-a448df053cb7,1,1,active
e985cc64-1c02-4302-9fcd-4f21bb092d68,0c64d686-792e-4d25-bfe7-8f14632a9e0f,75b1e665-1193-4e67-9cac-069097c9a061,1,1,active
ea246f45-fe7b-443e-a1df-e30fc164ebf5,mem_merch_ 10_ornament_club_1,offer_merch_10_2,10,10,active
eb45111e-8e3d-4b7c-85e4-0c15eae19ecf,mem_merch_  6_basic_access_1,offer_merch_6_4,10,10,active
ec2be9ca-4a13-481d-a50b-02fefd0474e0,852f7899-d75f-4635-a45c-b7fed92792e1,ab248ae6-dec1-40d4-9563-26f023313a4a,1,1,active
edbee528-013b-4369-9590-9520f9c560e8,44c69212-90b6-4de8-98ed-d74a12ab3013,offer_merch_6_1,10,10,active
ef31859a-b1f4-4b10-a5f8-33d65aa4982d,mem-f3ffcc249446e5bde5a241af9ad9e60a,offer_merch_6_1,10,10,active
ef3bd7ac-04ee-4329-9e58-a0cd500b1d8b,44c69212-90b6-4de8-98ed-d74a12ab3013,offer_merch_6_4,10,10,active
f0102b6a-9349-4776-92b4-1222cd1568ef,mem_merch_  6_basic_access_1,b9a41c2a-c0f8-4e74-be4d-361b0179c715,5,5,active
f0980da8-b43e-418e-a74b-caa0150a0515,355949f5-7084-4327-affa-41bb11601bbf,4c03d894-30b6-4626-a4e7-9f66d5c8e398,5,5,active
f1f214db-1246-4fa1-aa13-9fd5ab430e33,918c0b0d-5b39-4c44-ae23-49f4c7c8037b,3ec65c04-dc71-4345-b27a-74511b1016e1,1,1,active
f2235a0a-2c36-4f92-976c-b67d9de0848f,0010c976-8d21-4769-a2e4-12c4960adc01,3ec65c04-dc71-4345-b27a-74511b1016e1,1,1,active
f3dda642-e81f-43bc-85e2-d6afe715d2dc,0010c976-8d21-4769-a2e4-12c4960adc01,9f0cc0e3-1218-429a-874d-8993a7c3851b,2,3,active
f589d9c1-e8ac-446f-a844-a9628ca79575,44c69212-90b6-4de8-98ed-d74a12ab3013,offer_merch_6_3,10,10,active
f65f7e26-9201-4cb9-8bd0-45a711d9258e,a9d82860-546d-466a-bb59-fbeece94ed7a,36805043-8827-4e07-88a9-3258eab6e5d2,100,100,active
f66f131e-0491-4857-ae81-8ae800b6fbe5,577814cd-30ad-4726-8a6a-b1929ed79b21,8d1ccc3c-6a1f-4a32-918b-e5881fde9d41,1,1,active
f6a14019-b501-41e1-9eec-ca398cc379d7,a9d82860-546d-466a-bb59-fbeece94ed7a,ab248ae6-dec1-40d4-9563-26f023313a4a,1,1,active
f814acf4-1a1b-4d1d-a479-a37400aa163d,852f7899-d75f-4635-a45c-b7fed92792e1,ca64a6bf-23e1-4c70-be3c-e7c82ab63823,1,1,active
f8c4f088-1996-43af-87f3-28bb5c0bfb58,6be014a0-2ff9-4034-bdfd-f7540c37eec7,8d1ccc3c-6a1f-4a32-918b-e5881fde9d41,4,4,active
f9892fa7-9e6f-4983-b4de-4d706fad3458,a9d82860-546d-466a-bb59-fbeece94ed7a,b99345d2-d107-490b-b238-a448df053cb7,1,1,active
f98e087f-ad3c-4d7e-af90-d7a93ad35c7c,0c64d686-792e-4d25-bfe7-8f14632a9e0f,8eafbc19-2dbd-4f7a-be0e-900733c15e1c,1,1,active
f9dff68d-157f-419d-9ed6-82676807eb2f,ba0ba1d2-55e3-40e6-b88e-ad5db9a2c39d,ab248ae6-dec1-40d4-9563-26f023313a4a,1,1,active
fa781850-2daa-44fe-bde6-ce09a3f7bb54,a9d82860-546d-466a-bb59-fbeece94ed7a,ca64a6bf-23e1-4c70-be3c-e7c82ab63823,1,1,active
fae67cd3-8f71-4d44-9a0d-510aad7be44a,7c076254-aae9-4646-a6bf-e75f0cf6ba76,83f0d938-53dd-4081-be74-2562bf66f571,1,1,active
fb5fe518-4f23-426c-836a-eef0cb4f7d04,1c40355f-1b0e-4f7d-b533-02a0c0bbf62d,ab248ae6-dec1-40d4-9563-26f023313a4a,1,1,active
fd8dbae4-715a-4444-9565-41696f69ee32,30d516ea-5f2c-4aee-b6f7-3365b963c288,75b1e665-1193-4e67-9cac-069097c9a061,1,1,active
fe545b56-fcec-470e-b8ab-604994b40c5b,f0b72070-4f39-4fa1-9231-a379d39c66fa,b99345d2-d107-490b-b238-a448df053cb7,1,1,active
ff0c65f8-2cee-4f02-a180-30e7d732a86a,64a57df1-f643-48ae-a76b-a2bcc0804756,offer_merch_6_2,10,10,active
mof-03f0069918480b7e322ca9af4ba419a1,mem_merch_  5_vip_family_club_1,offer_merch_5_1,10,10,active
mof-0734c7bab1481510b1711b10ae9630de,mem_merch_  1_shield_elite_1,offer_merch_1_1,10,10,active
mof-0897addaebe03615a3f2a697039d2af9,mem_merch_  6_basic_access_1,efc9d470-af7a-421a-af5f-35e3cf969d23,1,1,active
mof-0c5acb4d6af6b99c5cf0a44a108b4923,mem_merch_  9_coffee_lover_1,offer_merch_9_1,5,5,active
mof-10c7a8edf9e3f2eab4728dbff9506c91,mem_merch_  5_smart_saver_1,offer_merch_5_1,10,10,active
mof-3752862565a4f1ae4e4f5168f80d9601,mem_merch_  5_super_shopper_1,offer_merch_5_1,10,10,active
mof-387c2338b61c318db673062e49d24767,mem_merch_  6_elite_champion_vip_1,efc9d470-af7a-421a-af5f-35e3cf969d23,5,5,active
mof-38ecf02482fa2647d4343e1d2e2dae9d,mem_merch_  2_home_owner_preferred_1,offer_merch_2_1,10,10,active
mof-45c3a8f17d9859b4528e1e3d996b9d42,73713194-e86f-45ae-9e9c-44d9b199ea64,0804af25-39c5-467b-b395-7eb99d9543de,1,1,active
mof-47b83ccd488a6f254ff163d5cb221d68,mem_merch_  3_globetrotter_1,offer_merch_3_1,10,10,active
mof-4d2627a76a240e70909af0a31c59c679,mem_merch_  3_explorer_1,offer_merch_3_1,10,10,active
mof-4dad3fa19d626ebd192f0a10bf192c1f,mem_merch_  2_prestige_buyer_vip_1,offer_merch_2_1,10,10,active
mof-52503dbffb56112b292a2c1a804fca6f,mem_merch_  9_work-from-cafe_vip_1,offer_merch_9_1,5,5,active
mof-54d25671695537dd68225d5ad2a25562,mem_merch_ 10_gold_elite_1,offer_merch_10_1,10,10,active
mof-565c517c5d37b9d5937b4cbbbd7c88b3,mem_merch_ 10_ornament_club_1,offer_merch_10_1,10,10,active
mof-63746b08d89fee7b1e26a7ae5322ad94,mem_merch_ 10_solitaire_crown_vip_1,offer_merch_10_1,10,10,active
mof-63cfc297a28c16dadab72fa1418caf94,mem_merch_  4_amc_gold_vip_1,offer_merch_4_1,10,10,active
mof-6d10bfd1f567b1c25de8640f3a77b654,mem_merch_  8_shield_ceramic_vip_1,offer_merch_8_1,10,10,active
mof-715751d3811c8e42c308f481eae6d5cc,mem_merch_  3_first_class_vip_1,offer_merch_3_1,10,10,active
mof-88ab2f07a7ec72e9c9d280f0358d691f,mem_merch_  1_heritage_vip_1,offer_merch_1_1,10,10,active
mof-8ad5329cb40e14a294ccf467a50a6fbf,mem_merch_  8_care_starter_1,offer_merch_8_1,10,10,active
mof-97c284b1ffce6964608ec8d7047c3971,mem_merch_  2_resident_member_1,offer_merch_2_1,10,10,active
mof-a0cbc76176555c324e3cd1b85513e3d3,mem_merch_  7_silver_beauty_1,offer_merch_7_1,10,10,active
mof-a23cbb1549aba5d613240afc3286e453,mem_merch_  6_pro_athlete_1,efc9d470-af7a-421a-af5f-35e3cf969d23,5,5,active
mof-a362541274161f6e69fcaa3505c02767,mem_merch_  8_drive_pro_1,offer_merch_8_1,10,10,active
mof-a99352aa9f3cf27d597b097e6951712a,mem_merch_  7_gold_luxe_1,offer_merch_7_1,10,10,active
mof-c5247278041a1cfbba77c8340abb7334,mem_merch_  1_policy_starter_1,offer_merch_1_1,10,10,active
mof-c7ef2d14fb2e4a562cb1268d58684d9e,mem_merch_  4_pay-per-service_1,offer_merch_4_1,10,10,active
mof-cbeebb5cab6395dded6e139a323f2c78,mem_merch_  4_amc_silver_1,offer_merch_4_1,10,10,active
mof-d96426795fac706a4a4fd33e6b8cda3b,mem_merch_  9_brew_master_1,offer_merch_9_1,5,5,active
mof-f6194318e6ebac16c15925e02e6c5193,mem_merch_  7_platinum_royalty_1,offer_merch_7_1,10,10,active