id,merchant_id,member_code,public_token,physical_card_number,name,phone,email,date_of_birth,anniversary_date,membership_type_id,joined_date,expiry_date,loyalty_points,status,notes,total_visits,referral_code,referred_by_member_id,created_at,auto_renew,family_dob_1,family_dob_2,family_dob_3
0010c976-8d21-4769-a2e4-12c4960adc01,b64a2ee7-5fc4-434d-9b92-1fa730df2810,MC0006,fdc46d3c39bfc750352001bb,8783 5621 8877 0303,Megha Chedda,9870132563,,1988-09-10,2014-03-23,994077ec-8f2a-4591-85eb-6e6c2de05aab,2026-09-16,2027-09-16,10,active,,1,W0KDXJ0I,,2026-09-16 12:08:07.765829+00,false,,,
03445367-2515-4718-b842-19faa5f45e3c,63c2aeec-7410-4c78-9a68-beb45b1c622c,MC0012,f0ffb2a45780fdc33ac4739e,4555 8645 9367 0023,Sunita tupe,7506529440,,,,666f2f50-4b7b-4fb1-a6fc-5574aa5bf57e,2026-09-23,2027-09-23,0,active,,0,DQR7ULWZ,,2026-09-23 15:02:41.039254+00,false,,,
0c64d686-792e-4d25-bfe7-8f14632a9e0f,75eff299-f162-4427-8b08-04f404141ef9,MC0002,c0bd8d4fe1bfae5234540a60,8667 7863 7616 0002,Kevin Mehta,9820002505,,1991-11-24,2026-01-01,074ec04d-dbed-437f-b8b2-054ab63a9561,2026-09-23,2027-09-23,10,active,,0,ODFP80IG,,2026-09-23 15:56:34.084236+00,false,,,
1c40355f-1b0e-4f7d-b533-02a0c0bbf62d,75eff299-f162-4427-8b08-04f404141ef9,MC0008,5a26ec1b92f32563e84d7a92,8667 7863 7616 0009,Yash Jain,7045983015,,2026-03-13,,074ec04d-dbed-437f-b8b2-054ab63a9561,2026-09-26,2027-09-26,0,active,,0,9HELGALS,,2026-09-26 12:08:46.75706+00,false,,,
220dc66e-7304-41d7-b709-552095df8f53,merch_  7,MC0007,a3e1969709687dfc75c7ce8a,4821 4444 0000 4400,"Sagar Pawar ",9326801082,,1998-04-29,2026-05-15,tier_merch_  7_gold_luxe,2026-08-11,2027-08-11,70,active,,2,XNRQ1CHG,,2026-08-11 07:55:21.704603+00,false,,,
2c7b5004-39f8-4574-8da9-0785df662e4a,c74f8bef-6fd7-40f2-a363-1daa167d0439,MC0001,bfa97bf4ae98909c340b5c8e,2173 6567 3333 0001,piyush,8320508007,,2005-01-03,2005-01-03,a317a72d-b0f2-4d67-a420-a3688c6d811b,2026-09-07,2027-09-07,0,active,,0,5C4J1608,,2026-09-07 08:33:08.18639+00,true,2005-01-03,2005-01-03,2005-01-03
2ec018f6-2253-4599-bfea-46837c739e58,bc3951f9-ff8c-436b-8322-e5dd6592ca4b,MC0007,3e4fc32047e69e28646aad9f,8689 6453 5689 0002,"Jyoti Pravin redkar ",9920535105,,1978-09-04,2003-06-09,78fe536c-8141-4082-9feb-047e8ba35f76,2026-09-18,2027-09-18,0,active,,0,35EG7DU6,,2026-09-18 05:42:05.794543+00,false,,,
2f3f1a71-9597-4a2f-850d-adfa2ce9a08e,4bf2fb6b-bdf3-49d3-ac1b-1e6e746c6643,MC0002,7d4f68ba857bc0e382d8c564,7567 5342 8633 0040,metrocardz,9987379007,,2026-07-02,2026-07-13,94d50169-c4e7-4c8d-9f9d-b7e23e6ca82f,2026-07-22,2027-07-22,0,active,,0,ODWPMNBO,,2026-07-22 08:00:48.010973+00,false,,,
30d516ea-5f2c-4aee-b6f7-3365b963c288,75eff299-f162-4427-8b08-04f404141ef9,MC0003,9a43ff5fe38951729541d2de,8667 7863 7616 0005,Krish Trivedi,7972011844,,1994-05-16,,074ec04d-dbed-437f-b8b2-054ab63a9561,2026-09-25,2027-09-25,10,active,,0,9T0IJ7FR,,2026-09-25 09:35:47.092702+00,false,,,
32663170-f40c-4238-b81a-197c12b4d11b,9f5a3fe4-f21f-4fed-beaf-67dcb9c6cffc,MC0004,ded0067f61ac0f0292c29c35,5656 7477 9399 0007,Olver,9029999614,,1964-05-05,2026-08-11,ea2bc841-f304-4a67-91db-c58ee4fa3273,2026-08-11,2027-08-11,0,active,,0,R6YK8MNW,,2026-08-11 07:50:02.05976+00,true,,,
355949f5-7084-4327-affa-41bb11601bbf,bc3951f9-ff8c-436b-8322-e5dd6592ca4b,MC0003,fa76258bf9e5e0525a4c1ec2,,demo,9999999999,,,,78fe536c-8141-4082-9feb-047e8ba35f76,2026-09-09,2027-09-09,1017,active,,0,9XFETKT8,,2026-09-09 11:29:32.352865+00,false,,,
41aa6807-22bf-4f5e-bb4e-fbb917670d34,c74f8bef-6fd7-40f2-a363-1daa167d0439,MC0004,7de6075a36eb416523f55dc3,2173 6567 3333 0004,Gyan Prakash Das,9016853066,,1999-05-15,1999-05-15,a317a72d-b0f2-4d67-a420-a3688c6d811b,2026-09-13,2027-09-13,0,active,,0,WZRHT8NM,,2026-09-13 07:10:50.097418+00,false,,,
437a83ac-4ad1-49a9-9b5a-a921eeb0c1f4,63c2aeec-7410-4c78-9a68-beb45b1c622c,MC0005,142c2c999ecd3e2d2e2f9780,4555 8645 9367 0005,Reshmi kadam,8691889469,,,,666f2f50-4b7b-4fb1-a6fc-5574aa5bf57e,2026-09-23,2027-09-23,0,active,,0,IGNEX5TS,,2026-09-23 14:06:36.183194+00,false,,,
44c69212-90b6-4de8-98ed-d74a12ab3013,merch_  6,MC0004,a301f5adf4e2439ed8ff0e69,4821 6739 0000 0300,sharvil more,9987379000,,2026-07-14,2026-07-14,tier_merch_  6_elite_champion_vip,2026-07-22,2027-07-22,0,active,,0,TOFSP0ZJ,,2026-07-22 16:27:40.24437+00,false,,,
461eaeb4-9b09-4e15-af82-c7a66b7ce57d,63c2aeec-7410-4c78-9a68-beb45b1c622c,MC0004,603bee87bd7549063ebfa03f,4555 8645 9367 0004,Solaskar kaki,9594965133,,,,666f2f50-4b7b-4fb1-a6fc-5574aa5bf57e,2026-09-23,2027-09-23,0,active,,0,J4EA2B4J,,2026-09-23 14:03:00.027652+00,false,,,
4a874991-4043-4331-a167-f719edb90d12,b64a2ee7-5fc4-434d-9b92-1fa730df2810,MC0008,ea65973841a1ac52a2a3d2ea,8783 5621 8877 0306,Jayshree Kothari,9967331859,,1981-07-17,2004-01-31,994077ec-8f2a-4591-85eb-6e6c2de05aab,2026-09-26,2027-09-26,0,active,,0,8ICGQLE5,,2026-09-26 11:28:17.42958+00,false,,,
4fcff670-0e28-485e-b9ab-a58649290d40,c74f8bef-6fd7-40f2-a363-1daa167d0439,MC0014,483a469abf69190fbcb0d297,2173 6567 3333 0014,Dipali pravin mahajan,6355267925,,1992-11-30,1992-11-30,a317a72d-b0f2-4d67-a420-a3688c6d811b,2026-09-28,2027-09-28,0,active,,0,9N97C0OE,,2026-09-28 16:14:28.113946+00,false,,,
577814cd-30ad-4726-8a6a-b1929ed79b21,b64a2ee7-5fc4-434d-9b92-1fa730df2810,MC0009,3e3d8c49c856cf13da10bcfd,8783 5621 8877 0305,Deepal Khandelval,9821467991,,1992-03-07,2016-12-14,994077ec-8f2a-4591-85eb-6e6c2de05aab,2026-09-28,2027-09-28,20,active,,2,9NVRQI4W,,2026-09-28 05:48:31.925424+00,false,,,
5b59fa54-2745-4d23-924e-c23b7cf51780,63c2aeec-7410-4c78-9a68-beb45b1c622c,MC0007,bfdd1963e8b50156714495c0,4555 8645 9367 0007,Sonali kadam,8291373108,,,,666f2f50-4b7b-4fb1-a6fc-5574aa5bf57e,2026-09-23,2027-09-23,0,active,,0,YEZKBHS6,,2026-09-23 14:11:26.503508+00,false,,,
5b85512e-ffc9-4b9a-9690-7f0752f41560,75eff299-f162-4427-8b08-04f404141ef9,MC0007,d3b9e63e7c3f2bc985e2f6d1,8667 7863 7616 0008,Daksha Patel,9930807477,,2026-07-18,,074ec04d-dbed-437f-b8b2-054ab63a9561,2026-09-26,2027-09-26,0,active,,0,B4DCT0NO,,2026-09-26 12:05:10.449673+00,false,,,
5badbcd9-57a8-4bcd-80f9-6b93f55e604b,b64a2ee7-5fc4-434d-9b92-1fa730df2810,MC0005,d82e1408dbb225eadfd0e53e,8783 5621 8877 0302,Yana Joshi,9082386514,,2001-12-15,,994077ec-8f2a-4591-85eb-6e6c2de05aab,2026-09-14,2027-09-14,0,active,,0,XDBBE1KU,,2026-09-14 12:40:56.256179+00,false,,,
5c1ff2eb-f55e-41bf-bf10-a5001daab129,c74f8bef-6fd7-40f2-a363-1daa167d0439,MC0006,d94422eaff046c70c218345a,2173 6567 3333 0006,JITU NAYAK,9016912023,,1993-10-08,,a317a72d-b0f2-4d67-a420-a3688c6d811b,2026-09-15,2027-09-15,0,active,,0,VH3FH9QL,,2026-09-15 14:09:51.716422+00,false,,,
5c83b3a3-a5f4-4dc3-9370-8ba2a694f4b9,63c2aeec-7410-4c78-9a68-beb45b1c622c,MC0001,46c7c5020fa067346ac42aa4,4555 8645 9367 0002,Navin Chavan,7710921139,,,,666f2f50-4b7b-4fb1-a6fc-5574aa5bf57e,2026-09-23,2027-09-23,0,active,,0,NZWTYLUS,,2026-09-23 13:47:21.221273+00,false,,,
5c931bbb-8fee-4280-9f07-3ee38768845b,63c2aeec-7410-4c78-9a68-beb45b1c622c,MC0011,0b1dcae6c917f3a1061d5f15,4555 8645 9367 0011,"Sahile komelkar ",9137730522,,,,666f2f50-4b7b-4fb1-a6fc-5574aa5bf57e,2026-09-23,2027-09-23,0,active,,0,KGGQX1Q5,,2026-09-23 15:00:47.743892+00,false,,,
5d28fb0b-8ceb-4258-8db7-4a100ec34485,c74f8bef-6fd7-40f2-a363-1daa167d0439,MC0007,15ae40c61b6beff9e2b28362,2173 6567 3333 0007,navin pishal,8320056956,,1978-11-01,,a317a72d-b0f2-4d67-a420-a3688c6d811b,2026-09-15,2027-09-15,0,active,,0,BN3FMQ62,,2026-09-15 16:58:38.864684+00,false,,,
64a57df1-f643-48ae-a76b-a2bcc0804756,merch_  6,MC0011,fe14db72a387efb2f853b259,4821 6739 0000 0400,"Sagar Pawar ",9326801082,,,,tier_merch_  6_elite_champion_vip,2026-09-09,2027-09-09,0,active,,0,NELU8S0X,,2026-09-09 07:20:34.124442+00,false,,,
6be014a0-2ff9-4034-bdfd-f7540c37eec7,b64a2ee7-5fc4-434d-9b92-1fa730df2810,MC0007,0183ca4acc1f480581d9c48a,8783 5621 8877 0304,Ketki Shah,9867888436,,1985-10-08,2009-11-27,994077ec-8f2a-4591-85eb-6e6c2de05aab,2026-09-24,2027-09-24,0,active,,0,ND10X99A,,2026-09-24 12:44:10.576784+00,false,,,
734abd4e-cdbc-4eea-ac93-50d0e37b3c97,bc3951f9-ff8c-436b-8322-e5dd6592ca4b,MC0008,2d709f7bf9be18ecaf934bb7,8689 6453 5689 0005,"Milind Lokhande ",8108120942,,1970-07-07,,78fe536c-8141-4082-9feb-047e8ba35f76,2026-09-28,2027-09-28,600,active,,0,RRNMT9O0,,2026-09-28 13:27:26.782513+00,false,2011-12-19,2004-08-26,
73713194-e86f-45ae-9e9c-44d9b199ea64,4bf2fb6b-bdf3-49d3-ac1b-1e6e746c6643,MC0001,39994d39fce13192e223a7f1,7567 5342 8633 0001,sharvil more,9987379000,,2026-07-22,2026-07-14,94d50169-c4e7-4c8d-9f9d-b7e23e6ca82f,2026-07-22,2027-07-22,0,active,,0,KLRLAUBV,,2026-07-22 06:29:20.576592+00,false,,,
73e3a972-bf6b-49be-abff-a19f577a3e61,b64a2ee7-5fc4-434d-9b92-1fa730df2810,MC0004,eb3ac4e7af9ac40591bb7def,8783 5621 8877 0101,Mayuri Bhanushali,9820321743,,1992-07-31,,facf9011-6d18-47cd-bbc3-731c751ba145,2026-09-13,2027-09-13,10,active,,1,EU4KRS3G,,2026-09-13 12:48:09.949109+00,false,,,
77dc0655-849c-468d-b07f-cf2f0526e9f9,c74f8bef-6fd7-40f2-a363-1daa167d0439,MC0009,294a5a257d392c16cc490f49,2173 6567 3333 0009,"Bharat Dhivare ",9028244932,,1988-03-25,1988-03-25,a317a72d-b0f2-4d67-a420-a3688c6d811b,2026-09-22,2027-09-22,0,active,,0,CT7NVSAE,,2026-09-22 10:51:42.679032+00,false,,,
7b6c1f61-6a6d-4b9b-bc3a-2a016c672235,merch_  6,MC0009,c5165bbaf9140bcc4c55895c,4821 6739 0000 4500,Sharvil More,2338169285,,2026-08-11,2026-08-12,tier_merch_  6_elite_champion_vip,2026-08-01,2027-08-01,0,active,,0,29TV0PLH,,2026-08-01 16:36:14.469677+00,false,,,
7c076254-aae9-4646-a6bf-e75f0cf6ba76,b64a2ee7-5fc4-434d-9b92-1fa730df2810,MC0002,fcd7a82585a04334c0554aca,,demo,1234567889,,,,facf9011-6d18-47cd-bbc3-731c751ba145,2026-09-09,2027-09-09,1030,deactivated,,0,8I65HN85,,2026-09-09 11:35:20.274554+00,false,,,
852f7899-d75f-4635-a45c-b7fed92792e1,75eff299-f162-4427-8b08-04f404141ef9,MC0009,ed5a8d0f4380afb62c088870,8667 7863 7616 0003,Khyati Shah,8080791991,,1991-09-07,,074ec04d-dbed-437f-b8b2-054ab63a9561,2026-09-26,2027-09-26,0,active,,0,JHHYBLYV,,2026-09-26 12:13:14.738249+00,false,,,
85786244-4e4c-44d5-ad86-f1f69066e0fd,c74f8bef-6fd7-40f2-a363-1daa167d0439,MC0005,e444d91232f939a7e690b99a,2173 6567 3333 0005,ROHIDAS SUKLAL KOLI,9925775524,,1989-12-26,1989-12-26,a317a72d-b0f2-4d67-a420-a3688c6d811b,2026-09-13,2027-09-13,0,active,,0,SA831ZM0,,2026-09-13 08:55:06.296195+00,false,,,
8bd7783c-eda8-478c-85ac-207da13e7841,c74f8bef-6fd7-40f2-a363-1daa167d0439,MC0012,ea85870e6c75b6ca16697338,2173 6567 3333 0012,"Moheeni Girase ",9023801974,,1992-03-21,,a317a72d-b0f2-4d67-a420-a3688c6d811b,2026-09-23,2027-09-23,0,active,,0,BNRVRJIV,,2026-09-23 13:32:03.77979+00,false,,,
918c0b0d-5b39-4c44-ae23-49f4c7c8037b,b64a2ee7-5fc4-434d-9b92-1fa730df2810,MC0003,d5117403ab9b056d745df952,8783 5621 8877 0301,Ayushi Thakker,9322299786,,1998-11-03,2025-02-16,994077ec-8f2a-4591-85eb-6e6c2de05aab,2026-09-13,2027-09-13,20,active,,2,5CNX5R3F,,2026-09-13 06:11:46.512457+00,false,,,
9722e2ba-17b8-4020-9470-9542a01c390c,9f5a3fe4-f21f-4fed-beaf-67dcb9c6cffc,MC0001,1f4a5d0fc3066ab56d324b64,4821 6739 0000 0100,sharvil more,9987379000,,2026-07-19,2026-07-20,ea2bc841-f304-4a67-91db-c58ee4fa3273,2026-07-15,2027-07-15,0,active,,0,U5FX065H,,2026-07-15 08:00:03.60216+00,false,,,
a52b28f6-d5a3-4f37-b120-cba038e8f519,b64a2ee7-5fc4-434d-9b92-1fa730df2810,MC0010,5ec786a8a77f1962f4a9990e,8783 5621 8877 0307,Kerul Jadafiya,9773210073,,1999-01-28,2021-11-27,994077ec-8f2a-4591-85eb-6e6c2de05aab,2026-09-29,2027-09-29,0,active,,0,5EZLGMYR,,2026-09-29 08:39:07.964183+00,false,,,
a7c1fae6-6866-4219-bf40-ecc06f71eed8,bc3951f9-ff8c-436b-8322-e5dd6592ca4b,MC0001,71b743ba36c8ca4dd7a5dd8c,8689 6453 5689 0110,"Sagar Pawar ",9326801082,,2005-09-05,2026-09-05,78fe536c-8141-4082-9feb-047e8ba35f76,2026-09-05,2027-09-05,500,active,,2,72YZCRTT,,2026-09-05 06:27:22.381737+00,false,2026-09-05,2022-09-05,2026-09-05
a9d82860-546d-466a-bb59-fbeece94ed7a,75eff299-f162-4427-8b08-04f404141ef9,MC0010,838328bfbe0bfe1c2c29c210,8667 7863 7616 0004,Siya Patel,7304546103,,2010-03-07,,074ec04d-dbed-437f-b8b2-054ab63a9561,2026-09-26,2027-09-26,0,active,,0,X4SO17YS,,2026-09-26 12:15:13.796806+00,false,,,
af7b92b1-b55f-4cc3-a9df-e14830e81601,merch_  6,MC0008,d9200b7b251d357b254faad6,4821 6739 0000 1500,Sharvil More,5548169285,,2026-08-12,2026-08-10,tier_merch_  6_elite_champion_vip,2026-08-01,2027-08-01,0,active,,0,X0A67I1X,,2026-08-01 14:51:20.189909+00,false,,,
b085a570-6937-4153-92ef-df914428c990,75eff299-f162-4427-8b08-04f404141ef9,MC0004,378e7a21600415db4ef8b454,8667 7863 7616 0006,Sulsha shah,9324474886,,2026-07-13,,074ec04d-dbed-437f-b8b2-054ab63a9561,2026-09-25,2027-09-25,10,active,,0,Q1RYFUPV,,2026-09-25 09:42:22.700237+00,false,,,
b11ff622-9402-447b-b07a-ac5c853ed9b7,c74f8bef-6fd7-40f2-a363-1daa167d0439,MC0017,69721995e8df50959bee2958,2173 6567 3333 0017,Ganesh borse,8238794515,,1978-03-27,,a317a72d-b0f2-4d67-a420-a3688c6d811b,2026-09-30,2027-09-30,0,active,,0,PUO7K0Q1,,2026-09-30 06:39:23.90816+00,false,,,
ba0641c0-3be8-4f62-b54e-39c327186927,c74f8bef-6fd7-40f2-a363-1daa167d0439,MC0016,34888108c22c7765d5de732d,2173 6567 3333 0016,TEJBAHADUR UPADHYAY,7043088910,,1986-08-05,,a317a72d-b0f2-4d67-a420-a3688c6d811b,2026-09-28,2027-09-28,0,active,,0,USAUYUMZ,,2026-09-28 17:18:40.32005+00,false,,,
ba0ba1d2-55e3-40e6-b88e-ad5db9a2c39d,75eff299-f162-4427-8b08-04f404141ef9,MC0005,ad951a22e3e9856aa33d2e8b,8667 7863 7616 0007,Meeloni shah,9022357963,,2026-04-25,,074ec04d-dbed-437f-b8b2-054ab63a9561,2026-09-25,2027-09-25,10,active,,0,NXXQSRF1,,2026-09-25 09:44:11.610286+00,false,,,
bf213f54-e048-4bd6-974f-47456ac9b90c,63c2aeec-7410-4c78-9a68-beb45b1c622c,MC0009,b42d14b2cc852d50381db2c0,4555 8645 9367 0009,Mafiya shetty,7506886012,,,,666f2f50-4b7b-4fb1-a6fc-5574aa5bf57e,2026-09-23,2027-09-23,0,active,,0,A7PN8DKY,,2026-09-23 14:14:38.752536+00,false,,,
c3fdeec3-b9a8-4758-b3f8-279d902e1e43,63c2aeec-7410-4c78-9a68-beb45b1c622c,MC0003,a751b5ee552117a27c21e90a,4555 8645 9367 0001,Jyoti poojare,9833149570,,,,666f2f50-4b7b-4fb1-a6fc-5574aa5bf57e,2026-09-23,2027-09-23,0,active,,0,NA26I6XL,,2026-09-23 14:01:05.700241+00,false,,,
c5f407a6-7d91-48c3-905d-e28d4bbe75eb,c74f8bef-6fd7-40f2-a363-1daa167d0439,MC0008,3fcd0b3b8739ac72e3ce7586,2173 6567 3333 0008,NEHA VISHWAKARAMA,9316573964,,,,a317a72d-b0f2-4d67-a420-a3688c6d811b,2026-09-15,2027-09-15,0,active,,0,9X72FWHJ,,2026-09-15 17:09:29.171299+00,false,,,
c709d17f-6996-4b39-ad84-0e7daf04e46f,75eff299-f162-4427-8b08-04f404141ef9,MC0001,7c12fbeea9b4fb7589572219,8667 7863 7616 0001,Anush Siddiqui,7770072722,,2005-02-21,,074ec04d-dbed-437f-b8b2-054ab63a9561,2026-09-19,2027-09-19,10,active,,0,1F1EJJ6H,,2026-09-19 14:00:14.502058+00,false,,,
c9d8778b-8772-4888-96b5-e5b5f45fe7da,63c2aeec-7410-4c78-9a68-beb45b1c622c,MC0006,655c0082a356aee06e7324ce,4555 8645 9367 0006,Disha kotkar,8898818860,,,,666f2f50-4b7b-4fb1-a6fc-5574aa5bf57e,2026-09-23,2027-09-23,0,active,,0,2HZ1ERKG,,2026-09-23 14:10:06.550353+00,false,,,
d1bec73b-a9ae-4cf5-bf90-657f84b8f712,63c2aeec-7410-4c78-9a68-beb45b1c622c,MC0002,58f042d7313d6877e948041a,4555 8645 9367 0003,Swapnil Thale,9594964277,,,,666f2f50-4b7b-4fb1-a6fc-5574aa5bf57e,2026-09-23,2027-09-23,0,active,,0,T0XVKOK0,,2026-09-23 13:59:20.492785+00,false,,,
d30c8638-9e45-49c3-82f4-9be5197c1547,63c2aeec-7410-4c78-9a68-beb45b1c622c,MC0008,f493ec069e0b2120745ac924,4555 8645 9367 0008,Meena Gawade,9870787988,,,,666f2f50-4b7b-4fb1-a6fc-5574aa5bf57e,2026-09-23,2027-09-23,0,active,,0,LJ15ABAJ,,2026-09-23 14:13:02.447353+00,false,,,
d44da6be-74f1-4470-9012-54c06684df3d,c74f8bef-6fd7-40f2-a363-1daa167d0439,MC0015,77ba7f93d3693df48d2ad2eb,2173 6567 3333 0015,RUPESH KUMAR,7542810645,,,,a317a72d-b0f2-4d67-a420-a3688c6d811b,2026-09-28,2027-09-28,0,active,,0,9E5QDZZJ,,2026-09-28 17:16:42.696516+00,false,,,
d7133e03-ad22-424c-8c95-fdcc99898863,c74f8bef-6fd7-40f2-a363-1daa167d0439,MC0011,10468ad2f251f7f658d73b61,2173 6567 3333 0011,Jitendra yadav,7878491977,,,,a317a72d-b0f2-4d67-a420-a3688c6d811b,2026-09-22,2027-09-22,0,active,,0,T3DY6C4W,,2026-09-22 11:13:49.76516+00,false,,,
dbabc7d0-d15e-41ba-96a5-416f5a93609f,c74f8bef-6fd7-40f2-a363-1daa167d0439,MC0003,1ea14f56ef5af09613a3e085,2173 6567 3333 0003,GAMIT RAHUL GAMANBHAI,9016795978,,2004-11-30,2004-11-30,a317a72d-b0f2-4d67-a420-a3688c6d811b,2026-09-09,2027-09-09,0,active,,0,SKSP7NMA,,2026-09-09 11:54:29.107541+00,false,,,
dbf585f9-4d67-4e05-b632-0b0ff60e0992,bc3951f9-ff8c-436b-8322-e5dd6592ca4b,MC0006,9f53b17125f1199413a9f2a2,8689 6453 5689 0004,"Pranali pedanekar ",9867883344,,1980-11-12,2007-12-05,78fe536c-8141-4082-9feb-047e8ba35f76,2026-09-17,2027-09-17,1600,active,,0,6Y7792I6,,2026-09-17 14:30:01.347442+00,false,1975-10-04,2009-09-30,2013-10-14
ddf90c13-3d8a-4af2-8e34-fe8a2d95cc6b,c74f8bef-6fd7-40f2-a363-1daa167d0439,MC0002,62a7f26c866902689c6a2029,2173 6567 3333 0002,Shimpi Megha Yogesh,8160085044,,1993-03-02,2018-03-02,a317a72d-b0f2-4d67-a420-a3688c6d811b,2026-09-09,2027-09-09,0,active,,0,9WQVHVJ7,,2026-09-09 11:22:43.709358+00,false,,,
e20eb632-3a3f-451f-b939-efe6e41b7ab3,c74f8bef-6fd7-40f2-a363-1daa167d0439,MC0010,d7b00e8e7b63031a689b7120,2173 6567 3333 0010,Sunil Kumar Gound,7385454378,,,,a317a72d-b0f2-4d67-a420-a3688c6d811b,2026-09-22,2027-09-22,0,active,,0,ENUOLECC,,2026-09-22 11:01:19.330081+00,false,,,
e2738d24-6324-4754-92e6-1d7e44c0d19f,merch_  6,MC0010,af690802e4ce510109bc46bb,4899 6739 0000 0100,om,9456789008,,2026-08-19,2026-08-16,tier_merch_  6_elite_champion_vip,2026-08-30,2027-08-30,0,active,,0,8V2KPTHV,,2026-08-30 06:35:05.673335+00,false,2026-08-07,2026-08-05,2026-08-11
e613d0f0-31a6-4cb2-91cf-56a6b0e58dac,b64a2ee7-5fc4-434d-9b92-1fa730df2810,MC0001,70e21e650ece973a4c93f902,8783 5621 8877 0001,Karishma Shah,7710931957,,1989-02-16,2016-01-21,0b3e1648-761a-4b6d-9c32-c2161ba16a41,2026-09-09,2027-09-09,20,active,,2,NG7V98GE,,2026-09-09 09:13:01.540294+00,false,,,
e7ad0bde-6849-4da0-996a-f7ab60f4ae3f,bc3951f9-ff8c-436b-8322-e5dd6592ca4b,MC0002,8a8ed2186bf28be9001feae6,8689 6453 5689 0001,"Sayali Santosh kshirsagar ",9320999779,,1982-06-22,2001-12-18,78fe536c-8141-4082-9feb-047e8ba35f76,2026-09-07,2027-09-07,0,active,,0,HR5MC1SF,,2026-09-07 12:20:10.880261+00,false,2004-12-04,1976-12-27,2005-11-21
ea24353b-ca00-4a9a-8eed-d453778e7438,bc3951f9-ff8c-436b-8322-e5dd6592ca4b,MC0004,567e40c9f74f06af47b795b7,8689 6453 5689 0015,"Ashwini gawade ",9821624674,,1974-09-15,1998-12-16,78fe536c-8141-4082-9feb-047e8ba35f76,2026-09-09,2027-09-09,1700,active,,0,0YVV5G9Q,,2026-09-09 14:03:47.507083+00,false,1968-01-02,2007-05-20,
eae71ce8-e368-4ee4-bf64-cc069c18eb16,63c2aeec-7410-4c78-9a68-beb45b1c622c,MC0010,3d9027ced62b2edf59f8eeaf,4555 8645 9367 0010,Ansh wagle,8169787262,,,,666f2f50-4b7b-4fb1-a6fc-5574aa5bf57e,2026-09-23,2027-09-23,0,active,,0,CN74KMTE,,2026-09-23 14:59:29.795963+00,false,,,
f055ee36-af9b-4800-87fa-0d71136c506f,bc3951f9-ff8c-436b-8322-e5dd6592ca4b,MC0005,392f9e4998887784ea836897,8689 6453 5689 0003,"Shreya sarnobat ",8928586145,,1982-05-06,2007-11-18,78fe536c-8141-4082-9feb-047e8ba35f76,2026-09-15,2027-09-15,400,active,,0,1QC20MJI,,2026-09-15 14:17:30.929684+00,false,2008-11-19,1978-08-31,
f0b72070-4f39-4fa1-9231-a379d39c66fa,75eff299-f162-4427-8b08-04f404141ef9,MC0006,08d6010680f19277a7f92edd,8667 7863 7616 0012,Saloni Joshi,8108323436,,1997-02-06,,074ec04d-dbed-437f-b8b2-054ab63a9561,2026-09-26,2027-09-26,0,active,,0,2FWUWCTW,,2026-09-26 12:01:56.920083+00,false,,,
f24afb43-f24e-4b5a-81f7-55f9603fcc43,c74f8bef-6fd7-40f2-a363-1daa167d0439,MC0013,b20347784e93682d16eed6fc,2173 6567 3333 0013,Dipak verma,8128052238,,1991-10-07,,a317a72d-b0f2-4d67-a420-a3688c6d811b,2026-09-26,2027-09-26,0,active,,0,YBFOKRJG,,2026-09-26 07:20:08.094063+00,false,,,
mem_94d50169-c4e7-4c8d-9f9d-b7e23e6ca82f_1,4bf2fb6b-bdf3-49d3-ac1b-1e6e746c6643,MC-94d50169-c4e7-4c8d-9f9d-b7e23e6ca82f-1,token_94d50169-c4e7-4c8d-9f9d-b7e23e6ca82f_1,CARD-94d50169-c4e7-4c8d-9f9d-b7e23e6ca82f-1,Demo Member (prime),+166600006431,member_1_94d50169-c4e7-4c8d-9f9d-b7e23e6ca82f@demo.test,1994-01-09,1999-01-09,94d50169-c4e7-4c8d-9f9d-b7e23e6ca82f,2026-06-22,2027-01-18,0,active,,0,REF-94d50169-c4e7-4c8d-9f9d-b7e23e6ca82f,,2026-07-22 15:49:29.106348+00,false,,,
mem_ea2bc841-f304-4a67-91db-c58ee4fa3273_1,9f5a3fe4-f21f-4fed-beaf-67dcb9c6cffc,MC-ea2bc841-f304-4a67-91db-c58ee4fa3273-1,token_ea2bc841-f304-4a67-91db-c58ee4fa3273_1,CARD-ea2bc841-f304-4a67-91db-c58ee4fa3273-1,Demo Member (Prime),+16660000ffc1,member_1_ea2bc841-f304-4a67-91db-c58ee4fa3273@demo.test,1995-11-05,2000-11-04,ea2bc841-f304-4a67-91db-c58ee4fa3273,2026-06-22,2027-01-18,0,active,,0,REF-ea2bc841-f304-4a67-91db-c58ee4fa3273,,2026-07-22 15:49:29.106348+00,false,,,
mem_merch_  1_heritage_vip_1,merch_  1,MC-tier_merch_  1_heritage_vip-1,token_tier_merch_  1_heritage_vip_1,CARD-tier_merch_  1_heritage_vip-1,Demo Member (Heritage VIP),+16660000  11,member_1_tier_merch_  1_heritage_vip@demo.test,1994-02-28,1999-02-28,tier_merch_  1_heritage_vip,2026-06-22,2027-01-18,0,active,,0,REF-tier_merch_  1_heritage_vip,,2026-07-22 15:49:29.106348+00,false,,,
mem_merch_  1_policy_starter_1,merch_  1,MC-tier_merch_  1_policy_starter-1,token_tier_merch_  1_policy_starter_1,CARD-tier_merch_  1_policy_starter-1,Demo Member (Policy Starter),+16660000  11,member_1_tier_merch_  1_policy_starter@demo.test,1995-05-21,2000-05-20,tier_merch_  1_heritage_vip,2026-06-22,2027-01-18,0,active,,0,REF-tier_merch_  1_policy_starter,,2026-07-22 15:49:29.106348+00,false,,,
mem_merch_  1_shield_elite_1,merch_  1,MC-tier_merch_  1_shield_elite-1,token_tier_merch_  1_shield_elite_1,CARD-tier_merch_  1_shield_elite-1,Demo Member (Shield Elite),+16660000  11,member_1_tier_merch_  1_shield_elite@demo.test,1994-01-06,1999-01-06,tier_merch_  1_heritage_vip,2026-06-22,2027-01-18,0,active,,0,REF-tier_merch_  1_shield_elite,,2026-07-22 15:49:29.106348+00,false,,,
mem_merch_  2_home_owner_preferred_1,merch_  2,MC-tier_merch_  2_home_owner_preferred-1,token_tier_merch_  2_home_owner_preferred_1,CARD-tier_merch_  2_home_owner_preferred-1,Demo Member (Home Owner Preferred),+16660000  21,member_1_tier_merch_  2_home_owner_preferred@demo.test,1994-07-25,1999-07-25,tier_merch_  2_home_owner_preferred,2026-06-22,2027-01-18,0,active,,0,REF-tier_merch_  2_home_owner_preferred,,2026-07-22 15:49:29.106348+00,false,,,
mem_merch_  2_prestige_buyer_vip_1,merch_  2,MC-tier_merch_  2_prestige_buyer_vip-1,token_tier_merch_  2_prestige_buyer_vip_1,CARD-tier_merch_  2_prestige_buyer_vip-1,Demo Member (Prestige Buyer VIP),+16660000  21,member_1_tier_merch_  2_prestige_buyer_vip@demo.test,1994-08-11,1999-08-11,tier_merch_  2_home_owner_preferred,2026-06-22,2027-01-18,0,active,,0,REF-tier_merch_  2_prestige_buyer_vip,,2026-07-22 15:49:29.106348+00,false,,,
mem_merch_  2_resident_member_1,merch_  2,MC-tier_merch_  2_resident_member-1,token_tier_merch_  2_resident_member_1,CARD-tier_merch_  2_resident_member-1,Demo Member (Resident Member),+16660000  21,member_1_tier_merch_  2_resident_member@demo.test,1995-08-02,2000-08-01,tier_merch_  2_home_owner_preferred,2026-06-22,2027-01-18,0,active,,0,REF-tier_merch_  2_resident_member,,2026-07-22 15:49:29.106348+00,false,,,
mem_merch_  3_explorer_1,merch_  3,MC-tier_merch_  3_explorer-1,token_tier_merch_  3_explorer_1,CARD-tier_merch_  3_explorer-1,Demo Member (Explorer),+16660000  31,member_1_tier_merch_  3_explorer@demo.test,1994-07-20,1999-07-20,tier_merch_  3_explorer,2026-06-22,2027-01-18,0,active,,0,REF-tier_merch_  3_explorer,,2026-07-22 15:49:29.106348+00,false,,,
mem_merch_  3_first_class_vip_1,merch_  3,MC-tier_merch_  3_first_class_vip-1,token_tier_merch_  3_first_class_vip_1,CARD-tier_merch_  3_first_class_vip-1,Demo Member (First Class VIP),+16660000  31,member_1_tier_merch_  3_first_class_vip@demo.test,1994-01-17,1999-01-17,tier_merch_  3_explorer,2026-06-22,2027-01-18,0,active,,0,REF-tier_merch_  3_first_class_vip,,2026-07-22 15:49:29.106348+00,false,,,
mem_merch_  3_globetrotter_1,merch_  3,MC-tier_merch_  3_globetrotter-1,token_tier_merch_  3_globetrotter_1,CARD-tier_merch_  3_globetrotter-1,Demo Member (Globetrotter),+16660000  31,member_1_tier_merch_  3_globetrotter@demo.test,1994-10-21,1999-10-21,tier_merch_  3_explorer,2026-06-22,2027-01-18,0,active,,0,REF-tier_merch_  3_globetrotter,,2026-07-22 15:49:29.106348+00,false,,,
mem_merch_  4_amc_gold_vip_1,merch_  4,MC-tier_merch_  4_amc_gold_vip-1,token_tier_merch_  4_amc_gold_vip_1,CARD-tier_merch_  4_amc_gold_vip-1,Demo Member (AMC Gold VIP),+16660000  41,member_1_tier_merch_  4_amc_gold_vip@demo.test,1994-03-19,1999-03-19,tier_merch_  4_amc_gold_vip,2026-06-22,2027-01-18,0,active,,0,REF-tier_merch_  4_amc_gold_vip,,2026-07-22 15:49:29.106348+00,false,,,
mem_merch_  4_amc_silver_1,merch_  4,MC-tier_merch_  4_amc_silver-1,token_tier_merch_  4_amc_silver_1,CARD-tier_merch_  4_amc_silver-1,Demo Member (AMC Silver),+16660000  41,member_1_tier_merch_  4_amc_silver@demo.test,1994-01-29,1999-01-29,tier_merch_  4_amc_gold_vip,2026-06-22,2027-01-18,0,active,,0,REF-tier_merch_  4_amc_silver,,2026-07-22 15:49:29.106348+00,false,,,
mem_merch_  4_pay-per-service_1,merch_  4,MC-tier_merch_  4_pay-per-service-1,token_tier_merch_  4_pay-per-service_1,CARD-tier_merch_  4_pay-per-service-1,Demo Member (Pay-Per-Service),+16660000  41,member_1_tier_merch_  4_pay-per-service@demo.test,1994-05-28,1999-05-28,tier_merch_  4_amc_gold_vip,2026-06-22,2027-01-18,0,active,,0,REF-tier_merch_  4_pay-per-service,,2026-07-22 15:49:29.106348+00,false,,,
mem_merch_  5_smart_saver_1,merch_  5,MC-tier_merch_  5_smart_saver-1,token_tier_merch_  5_smart_saver_1,CARD-tier_merch_  5_smart_saver-1,Demo Member (Smart Saver),+16660000  51,member_1_tier_merch_  5_smart_saver@demo.test,1994-11-16,1999-11-16,tier_merch_  5_smart_saver,2026-06-22,2027-01-18,0,active,,0,REF-tier_merch_  5_smart_saver,,2026-07-22 15:49:29.106348+00,false,,,
mem_merch_  5_super_shopper_1,merch_  5,MC-tier_merch_  5_super_shopper-1,token_tier_merch_  5_super_shopper_1,CARD-tier_merch_  5_super_shopper-1,Demo Member (Super Shopper),+16660000  51,member_1_tier_merch_  5_super_shopper@demo.test,1994-10-27,1999-10-27,tier_merch_  5_smart_saver,2026-06-22,2027-01-18,0,active,,0,REF-tier_merch_  5_super_shopper,,2026-07-22 15:49:29.106348+00,false,,,
mem_merch_  5_vip_family_club_1,merch_  5,MC-tier_merch_  5_vip_family_club-1,token_tier_merch_  5_vip_family_club_1,CARD-tier_merch_  5_vip_family_club-1,Demo Member (VIP Family Club),+16660000  51,member_1_tier_merch_  5_vip_family_club@demo.test,1994-12-04,1999-12-04,tier_merch_  5_smart_saver,2026-06-22,2027-01-18,0,active,,0,REF-tier_merch_  5_vip_family_club,,2026-07-22 15:49:29.106348+00,false,,,
mem_merch_  6_basic_access_1,merch_  6,MC-tier_merch_  6_basic_access-1,token_tier_merch_  6_basic_access_1,CARD-tier_merch_  6_basic_access-1,Demo Member (Basic Access),+16660000  61,member_1_tier_merch_  6_basic_access@demo.test,1994-08-09,1999-08-09,tier_merch_  6_elite_champion_vip,2026-06-22,2027-01-18,0,active,,0,REF-tier_merch_  6_basic_access,,2026-07-22 15:49:29.106348+00,false,,,
mem_merch_  6_elite_champion_vip_1,merch_  6,MC-tier_merch_  6_elite_champion_vip-1,token_tier_merch_  6_elite_champion_vip_1,CARD-tier_merch_  6_elite_champion_vip-1,Demo Member (Elite Champion VIP),+16660000  61,member_1_tier_merch_  6_elite_champion_vip@demo.test,1994-06-04,1999-06-04,tier_merch_  6_elite_champion_vip,2026-06-22,2027-01-18,0,active,,0,REF-tier_merch_  6_elite_champion_vip,,2026-07-22 15:49:29.106348+00,false,,,
mem_merch_  6_pro_athlete_1,merch_  6,MC-tier_merch_  6_pro_athlete-1,token_tier_merch_  6_pro_athlete_1,CARD-tier_merch_  6_pro_athlete-1,Demo Member (Pro Athlete),+16660000  61,member_1_tier_merch_  6_pro_athlete@demo.test,1995-08-22,2000-08-21,tier_merch_  6_elite_champion_vip,2026-06-22,2027-01-18,0,active,,0,REF-tier_merch_  6_pro_athlete,,2026-07-22 15:49:29.106348+00,false,,,
mem_merch_  7_gold_luxe_1,merch_  7,MC-tier_merch_  7_gold_luxe-1,token_tier_merch_  7_gold_luxe_1,CARD-tier_merch_  7_gold_luxe-1,Demo Member (Gold Luxe),+16660000  71,member_1_tier_merch_  7_gold_luxe@demo.test,1995-04-20,2000-04-19,tier_merch_  7_gold_luxe,2026-06-22,2027-01-18,0,active,,0,REF-tier_merch_  7_gold_luxe,,2026-07-22 15:49:29.106348+00,false,,,
mem_merch_  7_platinum_royalty_1,merch_  7,MC-tier_merch_  7_platinum_royalty-1,token_tier_merch_  7_platinum_royalty_1,CARD-tier_merch_  7_platinum_royalty-1,Demo Member (Platinum Royalty),+16660000  71,member_1_tier_merch_  7_platinum_royalty@demo.test,1994-11-18,1999-11-18,tier_merch_  7_gold_luxe,2026-06-22,2027-01-18,0,active,,0,REF-tier_merch_  7_platinum_royalty,,2026-07-22 15:49:29.106348+00,false,,,
mem_merch_  7_silver_beauty_1,merch_  7,MC-tier_merch_  7_silver_beauty-1,token_tier_merch_  7_silver_beauty_1,CARD-tier_merch_  7_silver_beauty-1,Demo Member (Silver Beauty),+16660000  71,member_1_tier_merch_  7_silver_beauty@demo.test,1995-11-11,2000-11-10,tier_merch_  7_gold_luxe,2026-06-22,2027-01-18,0,active,,0,REF-tier_merch_  7_silver_beauty,,2026-07-22 15:49:29.106348+00,false,,,
mem_merch_  8_care_starter_1,merch_  8,MC-tier_merch_  8_care_starter-1,token_tier_merch_  8_care_starter_1,CARD-tier_merch_  8_care_starter-1,Demo Member (Care Starter),+16660000  81,member_1_tier_merch_  8_care_starter@demo.test,1995-07-04,2000-07-03,tier_merch_  8_care_starter,2026-06-22,2027-01-18,0,active,,0,REF-tier_merch_  8_care_starter,,2026-07-22 15:49:29.106348+00,false,,,
mem_merch_  8_drive_pro_1,merch_  8,MC-tier_merch_  8_drive_pro-1,token_tier_merch_  8_drive_pro_1,CARD-tier_merch_  8_drive_pro-1,Demo Member (Drive Pro),+16660000  81,member_1_tier_merch_  8_drive_pro@demo.test,1995-11-24,2000-11-23,tier_merch_  8_care_starter,2026-06-22,2027-01-18,0,active,,0,REF-tier_merch_  8_drive_pro,,2026-07-22 15:49:29.106348+00,false,,,
mem_merch_  8_shield_ceramic_vip_1,merch_  8,MC-tier_merch_  8_shield_ceramic_vip-1,token_tier_merch_  8_shield_ceramic_vip_1,CARD-tier_merch_  8_shield_ceramic_vip-1,Demo Member (Shield Ceramic VIP),+16660000  81,member_1_tier_merch_  8_shield_ceramic_vip@demo.test,1995-08-07,2000-08-06,tier_merch_  8_care_starter,2026-06-22,2027-01-18,0,active,,0,REF-tier_merch_  8_shield_ceramic_vip,,2026-07-22 15:49:29.106348+00,false,,,
mem_merch_  9_brew_master_1,merch_  9,MC-tier_merch_  9_brew_master-1,token_tier_merch_  9_brew_master_1,CARD-tier_merch_  9_brew_master-1,Demo Member (Brew Master),+16660000  91,member_1_tier_merch_  9_brew_master@demo.test,1994-03-09,1999-03-09,tier_merch_  9_brew_master,2026-06-22,2027-01-18,0,active,,0,REF-tier_merch_  9_brew_master,,2026-07-22 15:49:29.106348+00,false,,,
mem_merch_  9_coffee_lover_1,merch_  9,MC-tier_merch_  9_coffee_lover-1,token_tier_merch_  9_coffee_lover_1,CARD-tier_merch_  9_coffee_lover-1,Demo Member (Coffee Lover),+16660000  91,member_1_tier_merch_  9_coffee_lover@demo.test,1995-02-04,2000-02-04,tier_merch_  9_brew_master,2026-06-22,2027-01-18,0,active,,0,REF-tier_merch_  9_coffee_lover,,2026-07-22 15:49:29.106348+00,false,,,
mem_merch_  9_work-from-cafe_vip_1,merch_  9,MC-tier_merch_  9_work-from-cafe_vip-1,token_tier_merch_  9_work-from-cafe_vip_1,CARD-tier_merch_  9_work-from-cafe_vip-1,Demo Member (Work-From-Cafe VIP),+16660000  91,member_1_tier_merch_  9_work-from-cafe_vip@demo.test,1994-03-27,1999-03-27,tier_merch_  9_brew_master,2026-06-22,2027-01-18,0,active,,0,REF-tier_merch_  9_work-from-cafe_vip,,2026-07-22 15:49:29.106348+00,false,,,
mem_merch_ 10_gold_elite_1,merch_ 10,MC-tier_merch_ 10_gold_elite-1,token_tier_merch_ 10_gold_elite_1,CARD-tier_merch_ 10_gold_elite-1,Demo Member (Gold Elite),+16660000 101,member_1_tier_merch_ 10_gold_elite@demo.test,1994-04-26,1999-04-26,tier_merch_ 10_gold_elite,2026-06-22,2027-01-18,0,active,,0,REF-tier_merch_ 10_gold_elite,,2026-07-22 15:49:29.106348+00,false,,,
mem_merch_ 10_ornament_club_1,merch_ 10,MC-tier_merch_ 10_ornament_club-1,token_tier_merch_ 10_ornament_club_1,CARD-tier_merch_ 10_ornament_club-1,Demo Member (Ornament Club),+16660000 101,member_1_tier_merch_ 10_ornament_club@demo.test,1995-12-14,2000-12-13,tier_merch_ 10_gold_elite,2026-06-22,2027-01-18,0,active,,0,REF-tier_merch_ 10_ornament_club,,2026-07-22 15:49:29.106348+00,false,,,
mem_merch_ 10_solitaire_crown_vip_1,merch_ 10,MC-tier_merch_ 10_solitaire_crown_vip-1,token_tier_merch_ 10_solitaire_crown_vip_1,CARD-tier_merch_ 10_solitaire_crown_vip-1,Demo Member (Solitaire Crown VIP),+16660000 101,member_1_tier_merch_ 10_solitaire_crown_vip@demo.test,1994-06-06,1999-06-06,tier_merch_ 10_gold_elite,2026-06-22,2027-01-18,0,active,,0,REF-tier_merch_ 10_solitaire_crown_vip,,2026-07-22 15:49:29.106348+00,false,,,
mem-01ac1e4ead82598395e52bb04b258746,merch_  2,MEM-8,pub_52fcad05c65da03c216083542ad52232,CARD-8,Resident Member Demo,9000000000008,demo+8@example.com,2006-07-23,2025-07-23,tier_merch_  2_home_owner_preferred,2026-05-28,2027-07-23,1200,active,Demo member seeded,0,REF-8-01ac1e,,2026-07-23 16:45:11.282807+00,true,,,
mem-0e3b579efefa397745a21162cb940394,merch_  7,MEM-23,pub_450137d9b32bf7f3d79f73e7b2b0e424,CARD-23,Silver Beauty Demo,9000000000023,demo+23@example.com,2006-07-23,2025-07-23,tier_merch_  7_gold_luxe,2026-02-12,2027-07-23,1200,active,Demo member seeded,0,REF-23-0e3b57,,2026-07-23 16:45:11.282807+00,true,,,
mem-12edd4e3a8858bd4db960380b29b3724,merch_  3,MEM-10,pub_e13ddd0fddb52dd5c1cd5851b7756846,CARD-10,First Class VIP Demo,9000000000010,demo+10@example.com,2006-07-23,2025-07-23,tier_merch_  3_explorer,2026-05-14,2027-07-23,1200,active,Demo member seeded,0,REF-10-12edd4,,2026-07-23 16:45:11.282807+00,true,,,
mem-1b6a1e36581fbdfc52c6a135974e1675,merch_  5,MEM-15,pub_bea7aba2d0b5ada38af8a925ecb58c02,CARD-15,Smart Saver Demo,9000000000015,demo+15@example.com,2006-07-23,2025-07-23,tier_merch_  5_smart_saver,2026-04-09,2027-07-23,1200,active,Demo member seeded,0,REF-15-1b6a1e,,2026-07-23 16:45:11.282807+00,true,,,
mem-25262c83327365225f36135fed87ad91,merch_  6,MEM-18,pub_1c4a63f34a9384eebcaa5a7350c3434f,CARD-18,SILVER Demo,9000000000018,demo+18@example.com,2006-07-23,2025-07-23,tier_merch_  6_elite_champion_vip,2026-03-19,2027-07-23,1200,active,Demo member seeded,0,REF-18-25262c,,2026-07-23 16:45:11.282807+00,true,,,
mem-27df0ea3c95f20b238b999ea9c157c09,merch_  7,MEM-21,pub_891c84862cfd668e6742b22647770ac2,CARD-21,Gold Luxe Demo,9000000000021,demo+21@example.com,2006-07-23,2025-07-23,tier_merch_  7_gold_luxe,2026-02-26,2027-07-23,1200,active,Demo member seeded,0,REF-21-27df0e,,2026-07-23 16:45:11.282807+00,false,,,
mem-2b52f66809911c7d95ff07a3de005ada,merch_  3,MEM-9,pub_08cdc4a98734977b81cf59dd9d567dc3,CARD-9,Explorer Demo,9000000000009,demo+9@example.com,2006-07-23,2025-07-23,tier_merch_  3_explorer,2026-05-21,2027-07-23,1200,active,Demo member seeded,0,REF-9-2b52f6,,2026-07-23 16:45:11.282807+00,true,,,
mem-35edcb7d4107bdd2dcc77e64e9e1d85b,merch_ 10,MEM-30,pub_da3a7c71285177702a1850a228dc9e45,CARD-30,Gold Elite Demo,9000000000030,demo+30@example.com,2006-07-23,2025-07-23,tier_merch_ 10_gold_elite,2025-12-25,2027-07-23,1700,active,Demo member seeded,1,REF-30-35edcb,,2026-07-23 16:45:11.282807+00,true,,,
mem-38d9f52d770d33cbcdeb1ce7ed89b9fc,merch_  2,MEM-6,pub_0632ae3b0f89923595842d220421bc67,CARD-6,Home Owner Preferred Demo,9000000000006,demo+6@example.com,2006-07-23,2025-07-23,tier_merch_  2_home_owner_preferred,2026-06-11,2027-07-23,1200,active,Demo member seeded,0,REF-6-38d9f5,,2026-07-23 16:45:11.282807+00,true,,,
mem-49fc317efc4f12be586f231a2b65607d,merch_  6,MEM-19,pub_3186a00ca7fb91294843a8d750768231,CARD-19,Elite Champion VIP Demo,9000000000019,demo+19@example.com,2006-07-23,2025-07-23,tier_merch_  6_elite_champion_vip,2026-03-12,2027-07-23,1200,active,Demo member seeded,0,REF-19-49fc31,,2026-07-23 16:45:11.282807+00,true,,,
mem-4f4737a85a664b67dec607c19edaff06,merch_  4,MEM-12,pub_afbc4d96e273e2c3c6cd16cc4b106e90,CARD-12,AMC Gold VIP Demo,9000000000012,demo+12@example.com,2006-07-23,2025-07-23,tier_merch_  4_amc_gold_vip,2026-04-30,2027-07-23,1200,active,Demo member seeded,0,REF-12-4f4737,,2026-07-23 16:45:11.282807+00,true,,,
mem-4f4f8c1d7defa12e603d8211399a4308,merch_  3,MEM-11,pub_aa85e0a73b8e546a04d5f781df89f080,CARD-11,Globetrotter Demo,9000000000011,demo+11@example.com,2006-07-23,2025-07-23,tier_merch_  3_explorer,2026-05-07,2027-07-23,1200,active,Demo member seeded,0,REF-11-4f4f8c,,2026-07-23 16:45:11.282807+00,true,,,
mem-56be375883bc6ae8416dac05b3d6b6c5,merch_  4,MEM-14,pub_e9be3cf29e821c82608513235cebebc9,CARD-14,Pay-Per-Service Demo,9000000000014,demo+14@example.com,2006-07-23,2025-07-23,tier_merch_  4_amc_gold_vip,2026-04-16,2027-07-23,1200,active,Demo member seeded,0,REF-14-56be37,,2026-07-23 16:45:11.282807+00,true,,,
mem-5b8d4a96465c19fe045644cbb681631f,merch_  5,MEM-17,pub_ef3d3dde5c011705771b915a9624f62e,CARD-17,VIP Family Club Demo,9000000000017,demo+17@example.com,2006-07-23,2025-07-23,tier_merch_  5_smart_saver,2026-03-26,2027-07-23,1200,active,Demo member seeded,0,REF-17-5b8d4a,,2026-07-23 16:45:11.282807+00,true,,,
mem-5c2dc7423a0c677e54c64500d7af5642,merch_  5,MEM-16,pub_b905f2717dd915895a5622c5d8d66ae7,CARD-16,Super Shopper Demo,9000000000016,demo+16@example.com,2006-07-23,2025-07-23,tier_merch_  5_smart_saver,2026-04-02,2027-07-23,1200,active,Demo member seeded,0,REF-16-5c2dc7,,2026-07-23 16:45:11.282807+00,true,,,
mem-62d2ea23a3559c0b1e6b157e3fc075bc,merch_  4,MEM-13,pub_b5998fe066e6432c79b4504ab83a8420,CARD-13,AMC Silver Demo,9000000000013,demo+13@example.com,2006-07-23,2025-07-23,tier_merch_  4_amc_gold_vip,2026-04-23,2027-07-23,1200,active,Demo member seeded,0,REF-13-62d2ea,,2026-07-23 16:45:11.282807+00,true,,,
mem-6664df069dbbf8741f98bf986444a3f0,merch_ 10,MEM-31,pub_50cc3512fbc04e265c88ba5b39b944de,CARD-31,Ornament Club Demo,9000000000031,demo+31@example.com,2006-07-23,2025-07-23,tier_merch_ 10_gold_elite,2025-12-18,2027-07-23,1200,active,Demo member seeded,0,REF-31-6664df,,2026-07-23 16:45:11.282807+00,true,,,
mem-80c518dc99a2188908fb98a5e0796bed,merch_  2,MEM-7,pub_824ea9aad547206005ccec181947854e,CARD-7,Prestige Buyer VIP Demo,9000000000007,demo+7@example.com,2006-07-23,2025-07-23,tier_merch_  2_home_owner_preferred,2026-06-04,2027-07-23,1200,active,Demo member seeded,0,REF-7-80c518,,2026-07-23 16:45:11.282807+00,true,,,
mem-98d874e771a317826afc2643d80fac79,merch_  8,MEM-24,pub_e918e5e6193ada2139acd0d2fd02f0a2,CARD-24,Care Starter Demo,9000000000024,demo+24@example.com,2006-07-23,2025-07-23,tier_merch_  8_care_starter,2026-02-05,2027-07-23,1200,active,Demo member seeded,0,REF-24-98d874,,2026-07-23 16:45:11.282807+00,true,,,
mem-a0e330925e832caedad5e558181a5ebc,9f5a3fe4-f21f-4fed-beaf-67dcb9c6cffc,MEM-2,pub_9c9ccf91f3457ff3010ff97aba5da35c,CARD-2,Prime Demo,9000000000002,demo+2@example.com,2006-07-23,2025-07-23,ea2bc841-f304-4a67-91db-c58ee4fa3273,2026-07-09,2027-07-23,1200,active,Demo member seeded,0,REF-2-a0e330,,2026-07-23 16:45:11.282807+00,true,,,
mem-a8ab70a6200ce8faaec876906805a3f7,merch_  7,MEM-22,pub_4f2648c985f826a8b15f0d96c09b83e5,CARD-22,Platinum Royalty Demo,9000000000022,demo+22@example.com,2006-07-23,2025-07-23,tier_merch_  7_gold_luxe,2026-02-19,2027-07-23,1200,active,Demo member seeded,0,REF-22-a8ab70,,2026-07-23 16:45:11.282807+00,true,,,
mem-ab0c31deb9b57cbc978b310c5bcf7392,merch_  9,MEM-27,pub_bbc0e58767d8892a86624b97be31717a,CARD-27,Brew Master Demo,9000000000027,demo+27@example.com,2006-07-23,2025-07-23,tier_merch_  9_brew_master,2026-01-15,2027-07-23,1290,active,Demo member seeded,3,REF-27-ab0c31,,2026-07-23 16:45:11.282807+00,true,,,
mem-b05bedb6ed3a7b966f82759856eb4b7c,merch_  8,MEM-26,pub_fdd8874a2b43e1a6af25792ada843951,CARD-26,Shield Ceramic VIP Demo,9000000000026,demo+26@example.com,2006-07-23,2025-07-23,tier_merch_  8_care_starter,2026-01-22,2027-07-23,1200,active,Demo member seeded,0,REF-26-b05bed,,2026-07-23 16:45:11.282807+00,true,,,
mem-cb185ed34ca062a228aabd125b7e5545,merch_ 10,MEM-32,pub_40f764228f1d4f6d04d43be9ba8f3b8f,CARD-32,Solitaire Crown VIP Demo,9000000000032,demo+32@example.com,2006-07-23,2025-07-23,tier_merch_ 10_gold_elite,2025-12-11,2027-07-23,1200,active,Demo member seeded,0,REF-32-cb185e,,2026-07-23 16:45:11.282807+00,true,,,
mem-cc5e67de2d566c08a1aab2b21dc7ac96,4bf2fb6b-bdf3-49d3-ac1b-1e6e746c6643,MEM-1,pub_a209e66e03072652533fbfc088b38bd4,CARD-1,prime Demo,9000000000001,demo+1@example.com,2006-07-23,2025-07-23,94d50169-c4e7-4c8d-9f9d-b7e23e6ca82f,2026-07-16,2027-07-23,1200,active,Demo member seeded,0,REF-1-cc5e67,,2026-07-23 16:45:11.282807+00,true,,,
mem-dafe7c867c4e002408c1850fbda2c400,merch_  1,MEM-4,pub_ce04e5f3d17ea776a0a76e4c619d0a19,CARD-4,Policy Starter Demo,9000000000004,demo+4@example.com,2006-07-23,2025-07-23,tier_merch_  1_heritage_vip,2026-06-25,2027-07-23,1200,active,Demo member seeded,0,REF-4-dafe7c,,2026-07-23 16:45:11.282807+00,true,,,
mem-dee482b42443f2baca67985e1a5433fc,merch_  8,MEM-25,pub_9a39dde0abbb3d9cd0fcb688b65df4fb,CARD-25,Drive Pro Demo,9000000000025,demo+25@example.com,2006-07-23,2025-07-23,tier_merch_  8_care_starter,2026-01-29,2027-07-23,1200,active,Demo member seeded,0,REF-25-dee482,,2026-07-23 16:45:11.282807+00,true,,,
mem-e67d69fe2fcfd08b641a1584c8ecb623,merch_  1,MEM-3,pub_130c502c1ddc1f3ec9828447d4f96108,CARD-3,Heritage VIP Demo,9000000000003,demo+3@example.com,2006-07-23,2025-07-23,tier_merch_  1_heritage_vip,2026-07-02,2027-07-23,1200,active,Demo member seeded,0,REF-3-e67d69,,2026-07-23 16:45:11.282807+00,true,,,
mem-eb892d3adc43b7bc4f8cb9604cdbf8ec,merch_  1,MEM-5,pub_892ed1f1ab09e0622b8436382dc3722b,CARD-5,Shield Elite Demo,9000000000005,demo+5@example.com,2006-07-23,2025-07-23,tier_merch_  1_heritage_vip,2026-06-18,2027-07-23,1200,active,Demo member seeded,0,REF-5-eb892d,,2026-07-23 16:45:11.282807+00,true,,,
mem-f3ffcc249446e5bde5a241af9ad9e60a,merch_  6,MEM-20,pub_ffe0339bcfd87e2b484bf5ab8d2d2453,CARD-20,Pro Athlete Demo,9000000000020,demo+20@example.com,2006-07-23,2025-07-23,tier_merch_  6_elite_champion_vip,2026-03-05,2027-07-23,1200,active,Demo member seeded,0,REF-20-f3ffcc,,2026-07-23 16:45:11.282807+00,true,,,
mem-f9697cc4810d664d1915dc2812b6a7cb,merch_  9,MEM-29,pub_4764330336a0eac551c749462cd78bb4,CARD-29,Work-From-Cafe VIP Demo,9000000000029,demo+29@example.com,2006-07-23,2025-07-23,tier_merch_  9_brew_master,2026-01-01,2027-07-23,1200,active,Demo member seeded,0,REF-29-f9697c,,2026-07-23 16:45:11.282807+00,true,,,
mem-fb7e86eb5589243d51fd9cf05cca630e,merch_  9,MEM-28,pub_69e56920f287330d3863ad4657d801f9,CARD-28,Coffee Lover Demo,9000000000028,demo+28@example.com,2006-07-23,2025-07-23,tier_merch_  9_brew_master,2026-01-08,2027-07-23,1200,active,Demo member seeded,0,REF-28-fb7e86,,2026-07-23 16:45:11.282807+00,true,,,
mem-grm-1,mer-grm,GRM001,tok-grm001,4000 1000 0011 0001,Manish Kapoor Jr,9812345678,,,,mtype-grm-1,2026-05-12,2027-05-12,920,active,,0,LK2M649K,,2026-08-12 13:31:48.155022+00,false,,,
mem-mob-1,mer-mob,MOB001,tok-mob001,4000 1000 0016 0001,Sanjay Sharma,9867890123,sanjay.sharma@gmail.com,1988-03-15,,mtype-mob-1,2025-06-17,2027-06-17,1280,active,Owner of iPhone 15 Pro Max & Galaxy S24 Ultra. Prefers express service.,18,MOB001REF,,2026-08-17 17:37:21.713427+00,false,,,
mem-mob-10,mer-mob,MOB010,tok-mob010,4000 1000 0016 0010,Sneha Sharma,9211122233,sneha.sharma@gmail.com,1993-02-28,,mtype-mob-3,2026-04-17,2027-04-17,730,active,Referred by MOB002 (Neha Kapoor). Interested in earbuds & smartwatches.,6,,mem-mob-2,2026-08-17 17:37:21.713427+00,false,,,
mem-mob-2,mer-mob,MOB002,tok-mob002,4000 1000 0016 0002,Neha Kapoor,9711234567,neha.kapoor@outlook.com,1995-07-22,,mtype-mob-1,2025-12-17,2026-12-17,3750,active,Frequent buyer — accessories & gaming controllers. Birthday in July.,22,MOB002REF,,2026-08-17 17:37:21.713427+00,false,,,
mem-mob-3,mer-mob,MOB003,tok-mob003,4000 1000 0016 0003,Amit Bhatia,9911122233,amit.bhatia@hotmail.com,1982-11-05,,mtype-mob-1,2024-12-17,2026-12-17,580,expiring_soon,Long-standing customer. Due for renewal — send reminder.,30,L5ZGRUWG,,2026-08-17 17:37:21.713427+00,false,,,
mem-mob-4,mer-mob,MOB004,tok-mob004,4000 1000 0016 0004,Kavya Reddy,9833344455,kavya.reddy@gmail.com,2000-05-18,,mtype-mob-1,2026-05-17,2027-05-17,2100,active,College student. Bought OnePlus 12. Prefers WhatsApp updates.,9,AA8PRHZV,,2026-08-17 17:37:21.713427+00,false,,,
mem-mob-5,mer-mob,MOB005,tok-mob005,4000 1000 0016 0005,Rahul Tiwari,9755566677,rahul.tiwari@gmail.com,1991-09-30,,mtype-mob-2,2026-02-17,2027-02-17,860,active,Repair-heavy customer — cracked screens twice. Owns Pixel 8.,12,MOB005REF,,2026-08-17 17:37:21.713427+00,false,,,
mem-mob-6,mer-mob,MOB006,tok-mob006,4000 1000 0016 0006,Divya Menon,9677788899,divya.menon@yahoo.com,1997-01-14,,mtype-mob-2,2026-03-17,2027-03-17,1450,active,Samsung Galaxy user. Interested in smartwatch upgrade.,8,7WLQXJRL,,2026-08-17 17:37:21.713427+00,false,,,
mem-mob-7,mer-mob,MOB007,tok-mob007,4000 1000 0016 0007,Arjun Nair,9533344455,arjun.nair@gmail.com,1985-04-25,,mtype-mob-2,2025-09-17,2026-09-17,290,expiring_soon,Expiring soon — 1 month left. Has 2 unredeemed glass guard offers.,15,,,2026-08-17 17:37:21.713427+00,false,,,
mem-mob-8,mer-mob,MOB008,tok-mob008,4000 1000 0016 0008,Pooja Agarwal,9488899001,pooja.agarwal@gmail.com,2003-12-08,,mtype-mob-3,2026-06-17,2027-06-17,420,active,New member — bought Redmi Note 13. First repair visit expected.,4,,,2026-08-17 17:37:21.713427+00,false,,,
mem-mob-9,mer-mob,MOB009,tok-mob009,4000 1000 0016 0009,Manav Joshi,9322233344,manav.joshi@outlook.com,1999-08-17,,mtype-mob-3,2026-07-17,2027-07-17,150,active,Just enrolled. Interested in gaming accessories.,2,,,2026-08-17 17:37:21.713427+00,false,,,