id,merchant_id,title,description,offer_type,value,active,loyalty_points_earn,is_points_redemption,loyalty_points_cost,min_visits,min_purchase_amount
06144fb1-dbdd-45ec-b585-28d597d23b10,b64a2ee7-5fc4-434d-9b92-1fa730df2810,FREE : 1 Normal Pedicure,ANY TIME IN A YEAR,free_service,0,false,,false,,,
07e2aacd-6eb5-42c5-9c28-8b7c45a1549c,b64a2ee7-5fc4-434d-9b92-1fa730df2810,FREE : 6 Hair Wash,ONCE A MONTH,free_service,0,true,,false,,,
0804af25-39c5-467b-b395-7eb99d9543de,4bf2fb6b-bdf3-49d3-ac1b-1e6e746c6643,wash,,percent_off,10,true,10,false,,,
0b2ef328-b81e-4024-9615-44c94b7b0236,b64a2ee7-5fc4-434d-9b92-1fa730df2810,25% OFF ON - GEL POLISH,ONE TIME OFFER,percent_off,0,true,,false,,,
0b5dc05d-d782-470e-bfca-49aaa265d8f4,bc3951f9-ff8c-436b-8322-e5dd6592ca4b,Cataract operation 50%off,,free_service,0,true,,false,,,
16524f33-2048-40bb-a168-d1c92d0d7bed,b64a2ee7-5fc4-434d-9b92-1fa730df2810,FREE : 12 Threading,Once in Month,free_service,0,true,,false,,,
1b72bba2-a877-43e7-932d-b5602c3b4f00,b64a2ee7-5fc4-434d-9b92-1fa730df2810,"25% Off on Oil Massage only. ",One Time Offer,percent_off,0,true,,false,,,
22804e99-1ab0-4ff7-92e3-0325484ab7ac,75eff299-f162-4427-8b08-04f404141ef9,ANNNIVERSARY OFFER,10% OF.F Once during the Anniversary Month,percent_off,0,true,,false,,,
33038b24-413c-4ef5-8db8-8629bed5830b,4bf2fb6b-bdf3-49d3-ac1b-1e6e746c6643,free haiir wash,,free_service,10,true,10,false,,,
36805043-8827-4e07-88a9-3258eab6e5d2,75eff299-f162-4427-8b08-04f404141ef9,"10 LOYALTY POINTS ",On Purchasing ₹1000/-,points_redemption,0,true,,true,,,
3ec65c04-dc71-4345-b27a-74511b1016e1,b64a2ee7-5fc4-434d-9b92-1fa730df2810,"25% Off on Oil Massage ",On Services. Not to be combined with any regular offers.,percent_off,0,true,,false,,,
42fe604d-8bf4-434d-b3a1-8720da240398,b64a2ee7-5fc4-434d-9b92-1fa730df2810,25% OFF ON - ROOT TOUCH UP,ONE TIME OFFER,percent_off,0,true,,false,,,
4b67bcaa-ca6c-4abf-b213-1d873ec8fbf9,b64a2ee7-5fc4-434d-9b92-1fa730df2810,15% Off on  Anniversary Offer.,Only on Services - Not to be combined with any running offer,percent_off,0,true,,false,,,
4c03d894-30b6-4626-a4e7-9f66d5c8e398,bc3951f9-ff8c-436b-8322-e5dd6592ca4b,Refer and 500/- off on their Bill of above 2000/-,,free_service,0,true,,false,,,
5a18eb92-3d38-4dcf-a119-1d54a5378cb9,bc3951f9-ff8c-436b-8322-e5dd6592ca4b,Make a billoff 5000/- get One sunglasses free,,free_service,1500,true,,false,,,
5ef1a14b-319b-4c5e-ac61-2a132ca86700,b64a2ee7-5fc4-434d-9b92-1fa730df2810,FREE : 1 Manicure,ANY TIME IN A YEAR,free_service,0,false,,false,,,
61fe464d-6a30-40cc-a6b0-30d147434623,b64a2ee7-5fc4-434d-9b92-1fa730df2810,FREE : 12 Threading,ONCE IN A MONTH,free_service,0,true,,false,,,
716d4284-a79f-4a6d-bee3-6509c8213d23,b64a2ee7-5fc4-434d-9b92-1fa730df2810,"25% Off on Hair Wash only. ",One Time Offer,percent_off,0,true,,false,,,
71d3fc26-a7f3-4349-8054-a197b1702f0c,b64a2ee7-5fc4-434d-9b92-1fa730df2810,"25% Off on Clean Up only. ",One Time Offer,percent_off,0,true,,false,,,
72e894af-e8ab-4402-ac09-244fd38b585d,b64a2ee7-5fc4-434d-9b92-1fa730df2810,25% Off on Clean Up.,On Services. Not to be combined with any regular offers.,percent_off,0,true,,false,,,
75b1e665-1193-4e67-9cac-069097c9a061,75eff299-f162-4427-8b08-04f404141ef9,"Milestone Reward ","Milestone Reward Cumulative spend of Rs. 25,000: Rs. 1,000 voucher",free_service,0,true,,false,,,
7c621d88-1a4e-473e-aa43-7df25ca211f8,b64a2ee7-5fc4-434d-9b92-1fa730df2810,"FREE : Pedicure ",Normal,free_service,0,true,,false,,,
83f0d938-53dd-4081-be74-2562bf66f571,b64a2ee7-5fc4-434d-9b92-1fa730df2810,"25% Off on Gel Polish only. ",One Time Offer,percent_off,0,true,,false,,,
89a17870-d160-4ba0-90ca-703c32b41326,b64a2ee7-5fc4-434d-9b92-1fa730df2810,15% OFF ON ANNIVERSARY,ON SERVICES ONLY & NOT TO BE COMBINED WITH ANY OTHER OFFERS AND SCHEME,percent_off,0,true,,false,,,
8a4abcda-113d-45f6-a62b-5a4abdb2d526,b64a2ee7-5fc4-434d-9b92-1fa730df2810,15% Off - Anniversary Offer,On Services - Not to be combined with any regular offers.,percent_off,0,true,,false,,,
8d1ccc3c-6a1f-4a32-918b-e5881fde9d41,b64a2ee7-5fc4-434d-9b92-1fa730df2810,15% Off - Birthday Offer.,On Services - Not to be combined with any regular offers.,percent_off,0,true,,false,,,
8eafbc19-2dbd-4f7a-be0e-900733c15e1c,75eff299-f162-4427-8b08-04f404141ef9,"REFER N EARN ",3 Successful Referrals Additional Rs. 500 NIIYA voucher,referral,0,true,,false,,,
92e314b3-97f0-454f-97a3-d1ab9a2b944d,b64a2ee7-5fc4-434d-9b92-1fa730df2810,FREE - One Dry Menicure,One Time Offer only can redeem at time in an year.,free_service,0,true,,false,,,
96e2055a-11b9-41d8-801b-7af310605692,b64a2ee7-5fc4-434d-9b92-1fa730df2810," FREE : 12 Hair Wash"," ( Once in a month)",free_service,0,true,,false,,,
9ec8216f-295b-4d40-974e-0578e83e62d4,b64a2ee7-5fc4-434d-9b92-1fa730df2810,15% OFF ON BIRTHDAY,ON SERVICES ONLY & NOT TO BE COMBINED WITH ANY OTHER OFFERS AND SCHEME,percent_off,0,true,,false,,,
9f0cc0e3-1218-429a-874d-8993a7c3851b,b64a2ee7-5fc4-434d-9b92-1fa730df2810,"FREE : 3 Hair Wash ",Once In a Month,free_service,0,true,,false,,,
a01b9f92-a3fa-4d77-a741-b2b4a8d93cf4,b64a2ee7-5fc4-434d-9b92-1fa730df2810,"FREE : 12 Threading ",Once in month,free_service,0,true,,false,,,
a2e021c3-86fb-4bda-8844-1c0953058532,b64a2ee7-5fc4-434d-9b92-1fa730df2810,15% Anniversary Offer.,On Bill . On Service only . and not to be combined with any other running offers,free_service,0,true,,false,,,
ab248ae6-dec1-40d4-9563-26f023313a4a,75eff299-f162-4427-8b08-04f404141ef9,WELCOME OFFER - RS 250/-,"Welcome Benefit Rs. 250/- voucher on the next purchase above Rs. 2,500/-.",free_service,0,true,,false,,,
ac33198b-6199-4bc4-a33d-0217dd274929,75eff299-f162-4427-8b08-04f404141ef9,VIP GIFT,"VIP Gift Cumulative spend of Rs. 50,000/- : Complimentary NIIYA Jewellery / Premium Gift",free_service,0,true,,false,,,
b4b1b832-9a45-4c6b-ba29-d36b6eee51c3,merch_  6,dftyui,45yui,percent_off,50,true,10,false,,,
b99345d2-d107-490b-b238-a448df053cb7,75eff299-f162-4427-8b08-04f404141ef9,BIRTHDAY OFFER,20% OFF once during the member's Birthday Month,percent_off,0,true,,false,,,
b9a41c2a-c0f8-4e74-be4d-361b0179c715,merch_  6,buy gold 500 off,,wallet_points,1000,true,10,false,,,
c3bdef43-cf6a-4e3f-aa61-a2f9aaca7acc,bc3951f9-ff8c-436b-8322-e5dd6592ca4b,Buy one progressive lense & get second 50% off,,percent_off,2200,true,,false,,,
ca64a6bf-23e1-4c70-be3c-e7c82ab63823,75eff299-f162-4427-8b08-04f404141ef9,"BONUS VOUCHER - REFER N EARN ","5 Referrals: Rs. 1,000 Bonus Voucher",referral,0,true,,false,,,
ce8f2ba6-1451-4114-8495-c2a0f5a37982,b64a2ee7-5fc4-434d-9b92-1fa730df2810,10% Off on Regular Services,not to be combined with any other running offers,percent_off,0,true,,false,,,
d33e865b-6f54-4c4d-91df-fa7e51718bc5,75eff299-f162-4427-8b08-04f404141ef9,REFER & EARN,"Your friend gets ₹200 OFF on their first purchase of ₹2,000 or more.

You receive ₹250 NIIYA Credit after your friend completes a successful purchase.",referral,0,true,,false,,,
d795909c-a05b-4532-a8e7-953f3a140a76,75eff299-f162-4427-8b08-04f404141ef9," Extra 5% OFF on Regular-Priced ",Member Pricing Extra 5% OFF on regular-priced Jewellery. On Tag Price,percent_off,0,true,,false,,,
da5fec5d-ba3d-4b12-a6ad-365d52169363,b64a2ee7-5fc4-434d-9b92-1fa730df2810,1O% ON REGULAR SERVICES,ON SERVICES ONLY & NOT TO BE COMBINED WITH ANY OTHER OFFERS AND SCHEME,percent_off,0,true,,false,,,
dafb0c05-264d-4e2c-9eb0-b33e49fa6c3d,b64a2ee7-5fc4-434d-9b92-1fa730df2810,FREE : One Dry Pedicure,One Time Offer only can redeem at time in an year.,free_service,0,true,,false,,,
dd2e6124-bf53-436a-a16c-0e241e0393e0,b64a2ee7-5fc4-434d-9b92-1fa730df2810,25% OFF ON - OIL MASSAGE,ONE TIME OFFER,percent_off,0,true,,false,,,
deb6b76f-0efa-4dcf-904c-4c9de0810e81,b64a2ee7-5fc4-434d-9b92-1fa730df2810,25% OFF ON - MENICURE/PEDICURE,ONE TIME OFFER,percent_off,0,true,,false,,,
e750c8f9-4655-4b95-a2f6-a23fe434f084,b64a2ee7-5fc4-434d-9b92-1fa730df2810,FREE : One Manicure,Normal,free_service,0,true,,false,,,
e9aafc93-d9bc-4599-ba85-2a56642f7ac4,b64a2ee7-5fc4-434d-9b92-1fa730df2810,25% Off on Gel Polish.,On Services. Not to be combined with any regular offers.,percent_off,0,true,,false,,,
eb4203c3-bcf5-4b77-ba76-81d5643ca7e5,b64a2ee7-5fc4-434d-9b92-1fa730df2810,15% Off - Birthday Offer.,On Bill . On Service only . and not to be combined with any other running offers,percent_off,0,true,,false,,,
efc9d470-af7a-421a-af5f-35e3cf969d23,merch_  6,FREE,STEAM BATH  FOR 5 MINUTES ( WITHOUT EQULIPTUS OIL ),percent_off,0,true,3,false,,,
f12a2c36-644b-4f2a-8b6c-d3f1b714f672,b64a2ee7-5fc4-434d-9b92-1fa730df2810,25% OFF ON - FACIAL,ONE TIME OFFER,percent_off,0,true,,false,,,
f8b6a9ca-b6f9-46fd-b3b9-d259908d9cf1,b64a2ee7-5fc4-434d-9b92-1fa730df2810,1O% ON REGULAR SERVICES,Not to be combined with any running offers,percent_off,0,true,,false,,,
off-grm-1,mer-grm,Flat ₹500 Off Men Suits,Flat ₹500 discount on formal suits & blazers,percent_off,500,true,0,false,0,,
offer_merch_1_1,merch_  1,Early Renewal Cashback,Demo offer from pasted seed,percent_off,10,true,,false,,,
offer_merch_1_2,merch_  1,Family Endorsement Discount,Demo offer from pasted seed,percent_off,10,true,,false,,,
offer_merch_1_3,merch_  1,Free Health Checkup,Demo offer from pasted seed,percent_off,10,true,,false,,,
offer_merch_1_4,merch_  1,Referral Bonus,Demo offer from pasted seed,percent_off,10,true,,false,,,
offer_merch_10_1,merch_ 10,12th Month Gold Scheme Waiver,Demo offer from pasted seed,percent_off,10,true,,false,,,
offer_merch_10_2,merch_ 10,30% Off Making Charges,Demo offer from pasted seed,percent_off,10,true,,false,,,
offer_merch_10_3,merch_ 10,Solitaire Upgrade,Demo offer from pasted seed,percent_off,10,true,,false,,,
offer_merch_10_4,merch_ 10,Ultrasonic Polishing Pass,Demo offer from pasted seed,percent_off,10,true,,false,,,
offer_merch_2_1,merch_  2,"₹25,000 Referral Bonus",Demo offer from pasted seed,percent_off,10,true,,false,,,
offer_merch_2_2,merch_  2,Home Snagging Inspection,Demo offer from pasted seed,percent_off,10,true,,false,,,
offer_merch_2_3,merch_  2,Interior Subsidy,Demo offer from pasted seed,percent_off,10,true,,false,,,
offer_merch_2_4,merch_  2,Packers & Movers Rebate,Demo offer from pasted seed,percent_off,10,true,,false,,,
offer_merch_3_1,merch_  3,(Referral Bonus) Travels,Demo offer from pasted seed,percent_off,10,true,,false,,,
offer_merch_3_2,merch_  3,"₹5,000 Holiday Package Off",Demo offer from pasted seed,percent_off,10,true,,false,,,
offer_merch_3_3,merch_  3,Airport Sedan Transfer Pass,Demo offer from pasted seed,percent_off,10,true,,false,,,
offer_merch_3_4,merch_  3,Free Visa Processing Fee Waiver,Demo offer from pasted seed,percent_off,10,true,,false,,,
offer_merch_4_1,merch_  4,Apartment Referral,Demo offer from pasted seed,percent_off,10,true,,false,,,
offer_merch_4_2,merch_  4,Free Foam Jet Wash Pass,Demo offer from pasted seed,percent_off,10,true,,false,,,
offer_merch_4_3,merch_  4,Freon Gas Top-Up Rebate,Demo offer from pasted seed,percent_off,10,true,,false,,,
offer_merch_4_4,merch_  4,PCB Repair Discount,Demo offer from pasted seed,percent_off,10,true,,false,,,
offer_merch_5_1,merch_  5,Edible Oil Bundle Discount,Demo offer from pasted seed,percent_off,10,true,,false,,,
offer_merch_5_2,merch_  5,Festival Gift Box,Demo offer from pasted seed,percent_off,10,true,,false,,,
offer_merch_5_3,merch_  5,Free Home Delivery,Demo offer from pasted seed,percent_off,10,true,,false,,,
offer_merch_5_4,merch_  5,Mid-Week 2x Points,Demo offer from pasted seed,percent_off,10,true,,false,,,
offer_merch_6_1,merch_  6,12-Workout Streak Bonus,Demo offer from pasted seed,percent_off,10,true,,false,,,
offer_merch_6_2,merch_  6,Free PT Session,Demo offer from pasted seed,percent_off,10,true,,false,,,
offer_merch_6_3,merch_  6,InBody Composition Scan,Demo offer from pasted seed,percent_off,10,true,,false,,,
offer_merch_6_4,merch_  6,Protein Bar BOGO,Demo offer from pasted seed,percent_off,10,true,,false,,,
offer_merch_7_1,merch_  7,Birthday Pamper Gift,Demo offer from pasted seed,percent_off,10,true,,false,,,
offer_merch_7_2,merch_  7,HydraFacial Upgrade,Demo offer from pasted seed,percent_off,10,true,10,false,,,
offer_merch_7_3,merch_  7,"Free Haircut ",on regular,percent_off,10,true,,false,,,
offer_merch_7_4,merch_  7,Weekday Morning Happy Hours,Demo offer from pasted seed,percent_off,10,true,,false,,,
offer_merch_8_1,merch_  8,3D Wheel Alignment with Oil Change,Demo offer from pasted seed,percent_off,10,true,,false,,,
offer_merch_8_2,merch_  8,Ceramic Boost Discount,Demo offer from pasted seed,percent_off,10,true,,false,,,
offer_merch_8_3,merch_  8,Hydro-Foam Wash Pass,Demo offer from pasted seed,percent_off,10,true,,false,,,
offer_merch_8_4,merch_  8,RSA Cover,Demo offer from pasted seed,percent_off,10,true,,false,,,
offer_merch_9_1,merch_  9,(Referral Bonus) Cafe,Demo offer from pasted seed,percent_off,5,true,,false,,,
offer_merch_9_2,merch_  9,6-Cup Digital Punch Card (Buy 5 Get 1 Free),Demo offer from pasted seed,percent_off,10,true,,false,,,
offer_merch_9_3,merch_  9,Afternoon Workspace Combo,Demo offer from pasted seed,percent_off,10,true,,false,,,
offer_merch_9_4,merch_  9,Birthday Slice of Cake,Demo offer from pasted seed,percent_off,10,true,,false,,,
offer-mer-btq-1,mer-btq,Complimentary Bridal Styling Consultation,,free_service,1,true,0,false,0,,
offer-mer-btq-2,mer-btq,"₹2,000 Off Heavy Lehengas",,percent_off,2000,true,0,false,0,,
offer-mer-dnt-1,mer-dnt,Complimentary Ultrasonic Scaling & Polishing,,free_service,1,true,0,false,0,,
offer-mer-dnt-2,mer-dnt,"₹1,000 Off Teeth Whitening Session",,percent_off,1000,true,0,false,0,,
offer-mer-ftw-1,mer-ftw,Free Leather Shoe Polish & Conditioning Pass,,free_service,1,true,0,false,0,,
offer-mer-ftw-2,mer-ftw,₹500 Off Premium Leather Shoes,,percent_off,500,true,0,false,0,,
offer-mer-opt-1,mer-opt,Free 16-Point Computerized Eye Checkup,,free_service,1,true,0,false,0,,
offer-mer-opt-2,mer-opt,Buy 1 Frame Get Blue-Cut Lens Free,,free_service,1,true,0,false,0,,
offer-mer-rst-1,mer-rst,10% Off Total Bill,,percent_off,10,true,0,false,0,,
offer-mer-rst-2,mer-rst,Complimentary Birthday Dessert,,birthday,1,true,0,false,0,,