id,merchant_id,rule_type,points_value,is_active,created_at,spend_unit
01af19ed-27e1-4f1a-8d92-30ccca7f1cd1,b64a2ee7-5fc4-434d-9b92-1fa730df2810,per_visit,10,true,2026-09-09 09:13:50.337119+00,1
02a8ef27-0bac-4b29-9e96-e2319b920653,merch_ 10,per_visit,500,true,2026-07-23 17:34:49.032093+00,1
179d9cd3-120b-45af-9208-c74362e47271,c74f8bef-6fd7-40f2-a363-1daa167d0439,per_rupee,1,true,2026-09-07 08:53:00.459152+00,200
22baf0f6-b26e-460f-b32d-1d3c2d2726d1,75eff299-f162-4427-8b08-04f404141ef9,per_visit,1,true,2026-09-19 11:37:43.537248+00,100
26a41997-847c-4506-af81-04c43505fefa,merch_  8,per_visit,100,true,2026-07-23 17:34:49.032093+00,1
2cbcb7c7-65c8-45b6-8698-0ca6831dca52,merch_  3,per_rupee,0.1,true,2026-07-23 17:34:49.032093+00,1
31a72831-4aef-4f68-b1f6-95c0c02307ff,merch_  6,per_rupee,1,true,2026-09-03 11:37:44.624343+00,100
54eba107-8a9e-431d-a2a9-7dd97487ccdb,ab519120-ca10-4071-b5b0-f3c9e9096ae9,per_rupee,1,true,2026-09-03 20:36:31.881701+00,10
688aa1b5-d7d1-4497-928b-f9df70096e40,merch_  4,per_rupee,1,true,2026-07-23 17:34:49.032093+00,1
689f83c3-e0a3-403a-9c08-124c9cbc4545,merch_  3,per_visit,200,true,2026-07-23 17:34:49.032093+00,1
6a45d22a-59b2-4299-a535-0051036cd857,merch_  1,per_visit,500,true,2026-07-23 17:34:49.032093+00,1
7d88a809-7b6d-4c85-a09c-2f1393c3e16a,merch_  5,per_rupee,0.1,true,2026-07-23 17:34:49.032093+00,1
7ef3e663-8113-4f7c-9613-a5acfe899bfb,merch_ 10,per_rupee,0.01,true,2026-07-23 17:34:49.032093+00,1
824d414f-c52d-4e4f-9d8f-ff9178fb23a8,merch_  2,per_visit,100,true,2026-07-23 17:34:49.032093+00,1
834b1644-445f-4185-8167-1dd3e3685885,merch_  9,per_rupee,10,true,2026-08-05 16:45:26.653306+00,1000
83fb102d-c31c-4676-91aa-172ea0347054,merch_  8,per_rupee,0.1,true,2026-07-23 17:34:49.032093+00,1
af8bfd85-24bc-4166-931a-bdfb869a050f,merch_  1,per_rupee,0.01,true,2026-07-23 17:34:49.032093+00,1
b99364ae-d9d9-4acf-b0f8-6a0e3e491ea8,merch_  7,per_visit,25,true,2026-07-23 17:34:49.032093+00,1
c3eeb482-1501-4e7b-a179-c4aa5916baad,merch_  9,per_visit,20,true,2026-07-23 17:34:49.032093+00,1
c7b3dae8-ff17-4121-96e2-1e81d1bdedcd,bc3951f9-ff8c-436b-8322-e5dd6592ca4b,per_rupee,100,true,2026-09-07 12:38:33.423003+00,1000
e73d0887-83ba-40e1-9be8-5f16054e256a,merch_  7,per_rupee,1,true,2026-07-23 17:34:49.032093+00,1
eeee78fb-0607-4e8e-b8a9-a05bf902da10,merch_  4,per_visit,50,true,2026-07-23 17:34:49.032093+00,1