id,merchant_id,trigger_type,channel,template_text,threshold_value,active,send_time,days_before,timezone
1b6be1ea-e7ec-4856-8639-517402d34bf4,mer-mob,anniversary,whatsapp,Happy Anniversary! 💍 Celebrate your special milestone with a special treat from us!,,true,09:00:00,0,Asia/Kolkata
29bffc97-fde8-4f1a-8c84-b53f82b58d87,mer-mob,birthday,whatsapp,Happy Birthday! 🎉 Visit us today to claim your special birthday gift/discount!,,true,09:00:00,0,Asia/Kolkata
2f70c8f7-dfd7-4881-b790-64b92e30a220,63c2aeec-7410-4c78-9a68-beb45b1c622c,anniversary,whatsapp,Happy Anniversary! 💍 Celebrate your special milestone with a special treat from us!,,true,09:00:00,0,Asia/Kolkata
33fc1a27-df49-4512-87f0-8b2f7e03c234,mer-mob,birthday,whatsapp,Happy Birthday! 🎉 Visit us today to claim your special birthday gift/discount!,,true,09:00:00,0,Asia/Kolkata
490f6161-e052-4d84-9097-0dc797982c5a,63c2aeec-7410-4c78-9a68-beb45b1c622c,anniversary,whatsapp,Happy Anniversary! 💍 Celebrate your special milestone with a special treat from us!,,true,09:00:00,0,Asia/Kolkata
4f35c6da-d086-41e9-aba8-c1031fe5f310,mer-mob,birthday,whatsapp,Happy Birthday! 🎉 Visit us today to claim your special birthday gift/discount!,,true,09:00:00,0,Asia/Kolkata
51d7caa0-887b-4f60-b549-17d87cf041f3,merch_  7,birthday,whatsapp,Happy Birthday! 🎉 Visit us today to claim your special birthday gift/discount!,,true,09:00:00,0,Asia/Kolkata
67bc270b-f9c6-43fa-8ad7-08c5b9f904d1,merch_  6,anniversary,whatsapp,Happy Anniversary! 💍 Celebrate your special milestone with a special treat from us!,,true,09:00:00,0,Asia/Kolkata
688ed6be-e518-4232-8dd5-a7bec22b6187,mer-mob,anniversary,whatsapp,Happy Anniversary! 💍 Celebrate your special milestone with a special treat from us!,,true,09:00:00,0,Asia/Kolkata
7dfa9ff6-f7d4-4565-8950-3daea61c74db,mer-mob,birthday,whatsapp,Happy Birthday! 🎉 Visit us today to claim your special birthday gift/discount!,,true,09:00:00,0,Asia/Kolkata
82a2097e-7431-4cb6-9294-24776f63abb9,mer-mob,anniversary,whatsapp,Happy Anniversary! 💍 Celebrate your special milestone with a special treat from us!,,true,09:00:00,0,Asia/Kolkata
85e43d34-1d99-4ce8-9203-3ae2fb7b1f92,merch_  9,anniversary,whatsapp,Happy Anniversary! 💍 Celebrate your special milestone with a special treat from us!,,true,09:00:00,0,Asia/Kolkata
9860075e-10f1-4e10-9409-e1f5c1f106b0,mer-mob,birthday,whatsapp,Happy Birthday! 🎉 Visit us today to claim your special birthday gift/discount!,,true,09:00:00,0,Asia/Kolkata
9f47eb24-d56d-42c1-87c0-0a537a8d4361,mer-mob,birthday,whatsapp,Happy Birthday! 🎉 Visit us today to claim your special birthday gift/discount!,,true,09:00:00,0,Asia/Kolkata
a13de5cd-63ea-45d2-9a78-63754ccf816a,mer-mob,birthday,whatsapp,Happy Birthday! 🎉 Visit us today to claim your special birthday gift/discount!,,true,09:00:00,0,Asia/Kolkata
a2662b0b-ac70-4193-a072-03f51cd517ff,63c2aeec-7410-4c78-9a68-beb45b1c622c,birthday,whatsapp,Happy Birthday! 🎉 Visit us today to claim your special birthday gift/discount!,,true,09:00:00,0,Asia/Kolkata
acc1b29d-be66-4981-8c55-3719514c2c49,mer-mob,anniversary,whatsapp,Happy Anniversary! 💍 Celebrate your special milestone with a special treat from us!,,true,09:00:00,0,Asia/Kolkata
b54ec248-e2c4-4ae1-af5b-8a79c892cae2,merch_  9,birthday,whatsapp,Happy Birthday! 🎉 Visit us today to claim your special birthday gift/discount!,,true,09:00:00,0,Asia/Kolkata
c462cb2f-ba16-45a5-b964-0ab69639ad56,mer-mob,birthday,whatsapp,Happy Birthday! 🎉 Visit us today to claim your special birthday gift/discount!,,true,09:00:00,0,Asia/Kolkata
da898d46-2865-45ec-93e0-595b3a077923,mer-mob,birthday,whatsapp,Happy Birthday! 🎉 Visit us today to claim your special birthday gift/discount!,,true,09:00:00,0,Asia/Kolkata
dbf79187-1dae-46d6-8683-9d4961a99885,mer-mob,anniversary,whatsapp,Happy Anniversary! 💍 Celebrate your special milestone with a special treat from us!,,true,09:00:00,0,Asia/Kolkata
f4f7e2f4-90bb-425c-b676-4f83ab537aea,mer-mob,birthday,whatsapp,Happy Birthday! 🎉 Visit us today to claim your special birthday gift/discount!,,true,09:00:00,0,Asia/Kolkata
f6377994-c42b-4d58-a55c-bfd911bd5d00,merch_  6,birthday,whatsapp,Happy Birthday! 🎉 Visit us today to claim your special birthday gift/discount!,,true,09:00:00,0,Asia/Kolkata