id,reward_id,member_id,merchant_id,points_spent,created_at
rc-0198f117a0139b46b54ee2978157b045,rc-af928b4bac97e159bb6eebc732bc761a,mem_merch_  3_first_class_vip_1,merch_  3,250,2026-07-20 16:57:53.891963+00
rc-0466686519d14bc87efeec40dd8d1efa,rc-e63f353dc97c7d1fcc74bc150b9f7eba,mem-27df0ea3c95f20b238b999ea9c157c09,merch_  7,250,2026-07-20 16:57:53.891963+00
rc-07c003eb0494fe69da5887b796cf5265,rc-7348c5e9d5fb6f78b1e390b0965e841f,mem_merch_  1_shield_elite_1,merch_  1,250,2026-07-23 16:57:53.891963+00
rc-0c75b9285ba978ddc63e3c402e59450f,rc-55a36c50094ccc589a59bc85a91bd3e1,mem_merch_  6_basic_access_1,merch_  6,250,2026-07-20 16:57:53.891963+00
rc-0d98fc99723b0862ba97bc9f8299447e,rc-55a36c50094ccc589a59bc85a91bd3e1,mem-f3ffcc249446e5bde5a241af9ad9e60a,merch_  6,250,2026-07-23 16:57:53.891963+00
rc-0f250b5054a0701d46a830bb2034e58c,rc-3a54234defb56e28155d05a193af51d1,mem-56be375883bc6ae8416dac05b3d6b6c5,merch_  4,250,2026-07-17 16:57:53.891963+00
rc-127ddeee73a15c9277937bd9b4303a43,rc-44598c0c85bf0d293e392c18dca4a8f9,mem-6664df069dbbf8741f98bf986444a3f0,merch_ 10,250,2026-07-17 16:57:53.891963+00
rc-13b3cb112fd3d8d0e6cc51d66408b2cf,rc-919b11ef33804c9b29e57889085e9894,mem_merch_  9_coffee_lover_1,merch_  9,250,2026-07-22 16:57:53.891963+00
rc-177f4c88751f672ed09d40cff3f104c2,rc-e63f353dc97c7d1fcc74bc150b9f7eba,mem_merch_  7_platinum_royalty_1,merch_  7,250,2026-07-22 16:57:53.891963+00
rc-1f678a5b70153496ee5e79c8e0a3f59b,rc-55a36c50094ccc589a59bc85a91bd3e1,mem_merch_  6_elite_champion_vip_1,merch_  6,250,2026-07-19 16:57:53.891963+00
rc-20223d9cabad6dc9586d60fc8c8edc56,rc-af928b4bac97e159bb6eebc732bc761a,mem-4f4f8c1d7defa12e603d8211399a4308,merch_  3,250,2026-07-21 16:57:53.891963+00
rc-216e38c64990e5fe619404a028e0c395,rc-af928b4bac97e159bb6eebc732bc761a,mem-12edd4e3a8858bd4db960380b29b3724,merch_  3,250,2026-07-23 16:57:53.891963+00
rc-2848991da8b336da9f4f7753501ba7d0,rc-919b11ef33804c9b29e57889085e9894,mem-fb7e86eb5589243d51fd9cf05cca630e,merch_  9,250,2026-07-22 16:57:53.891963+00
rc-2ad7b1eb98f4c0b44bbaf854887de7f7,rc-7348c5e9d5fb6f78b1e390b0965e841f,mem_merch_  1_policy_starter_1,merch_  1,250,2026-07-18 16:57:53.891963+00
rc-2d97c1ab96fe81ea2a4526a43c41433e,rc-55a36c50094ccc589a59bc85a91bd3e1,mem-49fc317efc4f12be586f231a2b65607d,merch_  6,250,2026-07-19 16:57:53.891963+00
rc-2f8e5fd59f19d1d75ae06dd7993ac258,f22d32b3-c77a-4616-a7df-f7784f91dba2,73713194-e86f-45ae-9e9c-44d9b199ea64,4bf2fb6b-bdf3-49d3-ac1b-1e6e746c6643,250,2026-07-19 16:57:53.891963+00
rc-3d7d8a11e4cc67429a8c663503c0d016,rc-44598c0c85bf0d293e392c18dca4a8f9,mem_merch_ 10_solitaire_crown_vip_1,merch_ 10,250,2026-07-22 16:57:53.891963+00
rc-3e4b9383a7642a050a070c302f340628,rc-cb5f9a441463756d9903fbbc8ad7f38f,mem-b05bedb6ed3a7b966f82759856eb4b7c,merch_  8,250,2026-07-20 16:57:53.891963+00
rc-3e7af3c49b2b4a77e934188ef7b2682b,rc-3a54234defb56e28155d05a193af51d1,mem_merch_  4_amc_gold_vip_1,merch_  4,250,2026-07-20 16:57:53.891963+00
rc-42f10ae88154d55a91e235c40dad7934,rc-8e5695e663d47f525077fac8ce5e16d3,9722e2ba-17b8-4020-9470-9542a01c390c,9f5a3fe4-f21f-4fed-beaf-67dcb9c6cffc,250,2026-07-19 16:57:53.891963+00
rc-45d3f193b8dc41d62239173fdb3ba780,rc-7348c5e9d5fb6f78b1e390b0965e841f,mem-eb892d3adc43b7bc4f8cb9604cdbf8ec,merch_  1,250,2026-07-23 16:57:53.891963+00
rc-4a478c54f899183df85e86e031fa5047,rc-55a36c50094ccc589a59bc85a91bd3e1,mem_merch_  6_pro_athlete_1,merch_  6,250,2026-07-20 16:57:53.891963+00
rc-4cce0b1f2dff3e32985663c609573b27,rc-7348c5e9d5fb6f78b1e390b0965e841f,mem-e67d69fe2fcfd08b641a1584c8ecb623,merch_  1,250,2026-07-23 16:57:53.891963+00
rc-53c155b25be123cd3f0d9e29922eabb9,rc-e63f353dc97c7d1fcc74bc150b9f7eba,mem-0e3b579efefa397745a21162cb940394,merch_  7,250,2026-07-18 16:57:53.891963+00
rc-5730aa709d20570983bb1a84f38d25ce,rc-4872493431968bf034cd5fed71f0c316,mem-1b6a1e36581fbdfc52c6a135974e1675,merch_  5,250,2026-07-18 16:57:53.891963+00
rc-5a1eb19e083f6e709c0d585fd156a5d3,rc-cb5f9a441463756d9903fbbc8ad7f38f,mem_merch_  8_care_starter_1,merch_  8,250,2026-07-22 16:57:53.891963+00
rc-5a61a7b5eb9c93046e126f0df1384c1d,rc-919b11ef33804c9b29e57889085e9894,mem_merch_  9_brew_master_1,merch_  9,250,2026-07-20 16:57:53.891963+00
rc-663ac8dacf62c3f4616961083b8eda32,rc-55a36c50094ccc589a59bc85a91bd3e1,44c69212-90b6-4de8-98ed-d74a12ab3013,merch_  6,250,2026-07-19 16:57:53.891963+00
rc-6aa0943bdef6229b8bdfdf116d05dbf0,f22d32b3-c77a-4616-a7df-f7784f91dba2,mem-cc5e67de2d566c08a1aab2b21dc7ac96,4bf2fb6b-bdf3-49d3-ac1b-1e6e746c6643,250,2026-07-17 16:57:53.891963+00
rc-6bdf7efa56d7df2db43159b6686a681d,rc-765143355d8eef0e2a0b1d7b2e29e5c8,mem-80c518dc99a2188908fb98a5e0796bed,merch_  2,250,2026-07-20 16:57:53.891963+00
rc-7944f9f06e5d1e6cbbca9cf4fed6758b,rc-765143355d8eef0e2a0b1d7b2e29e5c8,mem-01ac1e4ead82598395e52bb04b258746,merch_  2,250,2026-07-21 16:57:53.891963+00
rc-7b14bda98bbe92f5566bd8db73da18b6,rc-44598c0c85bf0d293e392c18dca4a8f9,mem_merch_ 10_gold_elite_1,merch_ 10,250,2026-07-20 16:57:53.891963+00
rc-7b67f8e093f2663088a90bc20c338c5d,rc-919b11ef33804c9b29e57889085e9894,mem_merch_  9_work-from-cafe_vip_1,merch_  9,250,2026-07-22 16:57:53.891963+00
rc-7bb62c012f01f4123aacea6ce1cff71a,f22d32b3-c77a-4616-a7df-f7784f91dba2,2f3f1a71-9597-4a2f-850d-adfa2ce9a08e,4bf2fb6b-bdf3-49d3-ac1b-1e6e746c6643,250,2026-07-21 16:57:53.891963+00
rc-7bf90605e446fe6b9307347afd115ddf,rc-4872493431968bf034cd5fed71f0c316,mem_merch_  5_vip_family_club_1,merch_  5,250,2026-07-21 16:57:53.891963+00
rc-8077d1fd551743461c8902e37f881c24,rc-765143355d8eef0e2a0b1d7b2e29e5c8,mem_merch_  2_home_owner_preferred_1,merch_  2,250,2026-07-20 16:57:53.891963+00
rc-86a9e85a8089b0e9b898bdd078a92149,rc-cb5f9a441463756d9903fbbc8ad7f38f,mem-98d874e771a317826afc2643d80fac79,merch_  8,250,2026-07-20 16:57:53.891963+00
rc-8a4eac6042553141d417dc8586b0f109,rc-3a54234defb56e28155d05a193af51d1,mem-4f4737a85a664b67dec607c19edaff06,merch_  4,250,2026-07-22 16:57:53.891963+00
rc-8a953df07107fef276defce6f4a37104,rc-4872493431968bf034cd5fed71f0c316,mem_merch_  5_super_shopper_1,merch_  5,250,2026-07-21 16:57:53.891963+00
rc-8aeae92ec42997c5eecb9ee5835b5199,rc-cb5f9a441463756d9903fbbc8ad7f38f,mem_merch_  8_drive_pro_1,merch_  8,250,2026-07-20 16:57:53.891963+00
rc-8f680e9d8aa2a7b490d9aa12e65f332d,rc-919b11ef33804c9b29e57889085e9894,mem-ab0c31deb9b57cbc978b310c5bcf7392,merch_  9,250,2026-07-21 16:57:53.891963+00
rc-9177f7e913d7ed1ba4985eee3c8f1b74,rc-3a54234defb56e28155d05a193af51d1,mem-62d2ea23a3559c0b1e6b157e3fc075bc,merch_  4,250,2026-07-23 16:57:53.891963+00
rc-9582e18a68fcd974a4b2013c3bc99baa,rc-44598c0c85bf0d293e392c18dca4a8f9,mem-cb185ed34ca062a228aabd125b7e5545,merch_ 10,250,2026-07-21 16:57:53.891963+00
rc-99c40a2daba8838037f9e87bc4edeb57,rc-44598c0c85bf0d293e392c18dca4a8f9,mem-35edcb7d4107bdd2dcc77e64e9e1d85b,merch_ 10,250,2026-07-20 16:57:53.891963+00
rc-9d0c9f4f17c4303168f8c0196f1c2434,rc-55a36c50094ccc589a59bc85a91bd3e1,mem-25262c83327365225f36135fed87ad91,merch_  6,250,2026-07-20 16:57:53.891963+00
rc-9fbd831c929b82869596c56c2acd2bac,rc-7348c5e9d5fb6f78b1e390b0965e841f,mem-dafe7c867c4e002408c1850fbda2c400,merch_  1,250,2026-07-23 16:57:53.891963+00
rc-a15998b36adecac45f1e14cee61c5efd,rc-3a54234defb56e28155d05a193af51d1,mem_merch_  4_pay-per-service_1,merch_  4,250,2026-07-21 16:57:53.891963+00
rc-a237e419941f134df3810a354c860952,rc-e63f353dc97c7d1fcc74bc150b9f7eba,mem_merch_  7_gold_luxe_1,merch_  7,250,2026-07-19 16:57:53.891963+00
rc-a3469b7d179fd03f16908aa118237c7f,rc-af928b4bac97e159bb6eebc732bc761a,mem-2b52f66809911c7d95ff07a3de005ada,merch_  3,250,2026-07-17 16:57:53.891963+00
rc-ad3998a39cf38b4b867ed02c510813b2,rc-8e5695e663d47f525077fac8ce5e16d3,mem-a0e330925e832caedad5e558181a5ebc,9f5a3fe4-f21f-4fed-beaf-67dcb9c6cffc,250,2026-07-20 16:57:53.891963+00
rc-ad3e6430ac349ca8650d5418806115a7,rc-765143355d8eef0e2a0b1d7b2e29e5c8,mem_merch_  2_resident_member_1,merch_  2,250,2026-07-23 16:57:53.891963+00
rc-b31aa6a3a00a5d34f563454ae9d1129c,rc-7348c5e9d5fb6f78b1e390b0965e841f,mem_merch_  1_heritage_vip_1,merch_  1,250,2026-07-17 16:57:53.891963+00
rc-b448f2c2a7b9dca08de8bd134b46c9df,rc-cb5f9a441463756d9903fbbc8ad7f38f,mem-dee482b42443f2baca67985e1a5433fc,merch_  8,250,2026-07-22 16:57:53.891963+00
rc-b568aec1eed724fbaca4e0ce045282ae,rc-765143355d8eef0e2a0b1d7b2e29e5c8,mem_merch_  2_prestige_buyer_vip_1,merch_  2,250,2026-07-19 16:57:53.891963+00
rc-b5f7be6fc84c4479be66852849544a02,rc-af928b4bac97e159bb6eebc732bc761a,mem_merch_  3_explorer_1,merch_  3,250,2026-07-23 16:57:53.891963+00
rc-c1e71359f68d9ebc07ed23d957dd49cd,rc-919b11ef33804c9b29e57889085e9894,mem-f9697cc4810d664d1915dc2812b6a7cb,merch_  9,250,2026-07-22 16:57:53.891963+00
rc-c617011f8dae12dfd7e78ebf6cd96ac3,rc-e63f353dc97c7d1fcc74bc150b9f7eba,mem_merch_  7_silver_beauty_1,merch_  7,250,2026-07-18 16:57:53.891963+00
rc-cce6023fe75f2221c6458d9ed5b752e3,rc-44598c0c85bf0d293e392c18dca4a8f9,mem_merch_ 10_ornament_club_1,merch_ 10,250,2026-07-17 16:57:53.891963+00
rc-d37dee94ba76e4490a7dcd3e57f64e05,rc-3a54234defb56e28155d05a193af51d1,mem_merch_  4_amc_silver_1,merch_  4,250,2026-07-22 16:57:53.891963+00
rc-d51b57723e83142d8615e6001f94c252,rc-765143355d8eef0e2a0b1d7b2e29e5c8,mem-38d9f52d770d33cbcdeb1ce7ed89b9fc,merch_  2,250,2026-07-21 16:57:53.891963+00
rc-de12f066e9a8eb4f50dc2931209f9281,rc-e63f353dc97c7d1fcc74bc150b9f7eba,mem-a8ab70a6200ce8faaec876906805a3f7,merch_  7,250,2026-07-20 16:57:53.891963+00
rc-f0bd7fa614d33e0d3e87dee68bbb987b,rc-4872493431968bf034cd5fed71f0c316,mem_merch_  5_smart_saver_1,merch_  5,250,2026-07-19 16:57:53.891963+00
rc-f3c7d15375da0b9b5b5488b14d76d3a2,rc-4872493431968bf034cd5fed71f0c316,mem-5c2dc7423a0c677e54c64500d7af5642,merch_  5,250,2026-07-23 16:57:53.891963+00
rc-f414dae6e50dfaaa353fcf9dab4e919c,rc-cb5f9a441463756d9903fbbc8ad7f38f,mem_merch_  8_shield_ceramic_vip_1,merch_  8,250,2026-07-19 16:57:53.891963+00
rc-f88229376e7d06c88fa2630e603591c4,f22d32b3-c77a-4616-a7df-f7784f91dba2,mem_94d50169-c4e7-4c8d-9f9d-b7e23e6ca82f_1,4bf2fb6b-bdf3-49d3-ac1b-1e6e746c6643,250,2026-07-21 16:57:53.891963+00
rc-fa0b7d55bd33ffaa051c3fbd0a470bb1,rc-4872493431968bf034cd5fed71f0c316,mem-5b8d4a96465c19fe045644cbb681631f,merch_  5,250,2026-07-19 16:57:53.891963+00
rc-fa83d4bd3f7778b0ecf5fb683c15544c,rc-8e5695e663d47f525077fac8ce5e16d3,mem_ea2bc841-f304-4a67-91db-c58ee4fa3273_1,9f5a3fe4-f21f-4fed-beaf-67dcb9c6cffc,250,2026-07-18 16:57:53.891963+00
rc-fec65d47a10ba662e918c2814d7886d8,rc-af928b4bac97e159bb6eebc732bc761a,mem_merch_  3_globetrotter_1,merch_  3,250,2026-07-19 16:57:53.891963+00